capture_datetime_utc,fertilizer_level,light,soil_moisture_percent,air_temperature_celsius
2018-09-26 16:25:32,-1.0,63.28,13.57,42.72
2018-09-26 16:40:32,-1.0,54.89,14.08,41.07
2018-09-26 16:55:32,-1.0,46.64,13.82,39.89
2018-09-26 17:10:32,-1.0,37.8,13.57,38.37
2018-09-26 17:25:32,-1.0,28.55,13.57,37.66
2018-09-26 17:40:32,-1.0,19.24,13.95,35.77
2018-09-26 17:55:32,-1.0,10.02,13.44,32.58
2018-09-26 18:10:32,-1.0,2.62,13.95,28.95
2018-09-26 18:25:32,-1.0,0.6,13.7,26.19
2018-09-26 18:40:32,-1.0,0.1,13.95,25.61
2018-09-26 18:55:32,-1.0,0.1,13.44,25.11
2018-09-26 19:10:32,-1.0,0.1,13.44,24.79
2018-09-26 19:25:32,-1.0,0.1,13.44,24.84
2018-09-26 19:40:32,-1.0,0.1,13.82,24.48
2018-09-26 19:55:32,-1.0,0.1,13.95,24.84
2018-09-26 20:10:32,-1.0,0.1,13.57,24.52
2018-09-26 20:25:32,-1.0,0.1,13.82,24.29
2018-09-26 20:40:32,-1.0,0.1,13.44,23.6
2018-09-26 20:55:32,-1.0,0.1,13.57,23.51
2018-09-26 21:10:32,-1.0,0.1,13.44,23.37
2018-09-26 21:25:32,-1.0,0.1,13.95,23.1
2018-09-26 21:40:32,-1.0,0.1,13.7,23.24
2018-09-26 21:55:32,-1.0,0.1,13.95,23.51
2018-09-26 22:10:32,-1.0,0.1,13.44,24.25
2018-09-26 22:25:32,-1.0,0.1,13.82,23.88
2018-09-26 22:40:32,-1.0,0.1,13.7,23.6
2018-09-26 22:55:32,-1.0,0.1,13.57,23.6
2018-09-26 23:10:32,-1.0,0.1,13.95,24.06
2018-09-26 23:25:32,-1.0,0.1,13.95,24.02
2018-09-26 23:40:32,-1.0,0.1,13.57,24.02
2018-09-26 23:55:32,-1.0,0.1,13.7,24.02
2018-09-27 00:10:32,-1.0,0.1,13.82,24.02
2018-09-27 00:25:32,-1.0,0.1,13.82,24.16
2018-09-27 00:40:32,-1.0,0.1,13.82,24.25
2018-09-27 00:55:32,-1.0,0.1,13.82,24.02
2018-09-27 01:10:32,-1.0,0.1,13.7,23.56
2018-09-27 01:25:32,-1.0,0.1,13.7,23.14
2018-09-27 01:40:32,-1.0,0.1,13.7,23.47
2018-09-27 01:55:32,-1.0,0.1,13.7,23.83
2018-09-27 02:10:32,-1.0,0.1,13.7,23.88
2018-09-27 02:25:32,-1.0,0.1,13.7,23.1
2018-09-27 02:40:32,-1.0,0.1,13.95,22.68
2018-09-27 02:55:32,-1.0,0.1,13.95,22.4
2018-09-27 03:10:32,-1.0,0.1,13.95,22.07
2018-09-27 03:25:32,-1.0,0.1,13.7,22.02
2018-09-27 03:40:32,-1.0,0.1,13.95,21.69
2018-09-27 03:55:32,-1.0,0.1,13.7,21.6
2018-09-27 04:10:32,-1.0,0.1,13.7,21.55
2018-09-27 04:25:32,-1.0,0.1,13.32,21.17
2018-09-27 04:40:32,-1.0,0.1,13.32,20.59
2018-09-27 04:55:32,-1.0,0.1,13.95,20.64
2018-09-27 05:10:32,-1.0,0.1,13.7,20.74
2018-09-27 05:25:32,-1.0,0.1,13.7,21.31
2018-09-27 05:40:32,-1.0,0.1,13.7,21.17
2018-09-27 05:55:32,-1.0,0.1,13.82,20.98
2018-09-27 06:10:32,-1.0,0.1,13.7,20.93
2018-09-27 06:25:32,-1.0,0.56,13.57,21.07
2018-09-27 06:40:32,-1.0,2.12,13.44,21.17
2018-09-27 06:55:32,-1.0,4.2,13.7,21.55
2018-09-27 07:10:32,-1.0,6.18,13.57,22.58
2018-09-27 07:25:32,-1.0,7.54,13.57,23.65
2018-09-27 07:40:32,-1.0,8.61,13.82,24.16
2018-09-27 07:55:32,-1.0,9.52,13.32,24.93
2018-09-27 08:10:32,-1.0,10.21,13.7,25.74
2018-09-27 08:25:32,-1.0,10.72,13.95,26.55
2018-09-27 08:40:32,-1.0,11.13,13.44,27.18
2018-09-27 08:55:32,-1.0,11.8,13.7,27.76
2018-09-27 09:10:32,-1.0,12.31,13.7,28.29
2018-09-27 09:25:32,-1.0,12.91,13.7,28.64
2018-09-27 09:40:32,-1.0,13.41,13.95,29.17
2018-09-27 09:55:32,-1.0,14.52,13.82,29.75
2018-09-27 10:10:32,-1.0,14.48,13.95,31.25
2018-09-27 10:25:32,-1.0,15.06,13.7,31.69
2018-09-27 10:40:32,-1.0,14.33,13.7,31.12
2018-09-27 10:55:32,-1.0,15.42,13.82,31.12
2018-09-27 11:10:32,-1.0,14.81,13.7,31.43
2018-09-27 11:25:32,-1.0,14.58,13.82,31.87
2018-09-27 11:40:32,-1.0,16.34,13.95,31.38
2018-09-27 11:55:32,-1.0,14.74,13.82,31.2
2018-09-27 12:10:32,-1.0,20.25,13.7,31.82
2018-09-27 12:25:32,-1.0,16.24,13.82,32.44
2018-09-27 12:40:32,-1.0,20.28,13.82,32.62
2018-09-27 12:55:32,-1.0,76.53,13.82,36.5
2018-09-27 13:10:32,-1.0,63.63,13.7,36.96
2018-09-27 13:25:32,-1.0,68.48,13.57,36.36
2018-09-27 13:40:32,-1.0,123.26,13.7,43.96
2018-09-27 13:55:32,-1.0,119.6,13.82,47.13
2018-09-27 14:10:32,-1.0,115.03,13.7,46.91
2018-09-27 14:25:32,-1.0,110.79,13.7,47.86
2018-09-27 14:40:32,-1.0,105.9,13.57,47.41
2018-09-27 14:55:32,-1.0,98.08,13.7,47.58
2018-09-27 15:10:32,-1.0,88.59,14.08,46.74
2018-09-27 15:25:32,-1.0,85.39,13.57,46.2
2018-09-27 15:40:32,-1.0,79.64,13.95,45.76
2018-09-27 15:55:32,-1.0,73.19,13.95,44.9
2018-09-27 16:10:32,-1.0,68.08,13.95,44.27
2018-09-27 16:25:32,-1.0,60.64,13.95,42.87
2018-09-27 16:40:32,-1.0,53.12,13.95,41.76
2018-09-27 16:55:32,-1.0,43.78,13.95,40.23
2018-09-27 17:10:32,-1.0,35.76,13.7,39.46
2018-09-27 17:25:32,-1.0,26.06,13.95,37.15
2018-09-27 17:40:32,-1.0,16.69,13.95,33.96
2018-09-27 17:55:32,-1.0,7.21,14.08,31.73
2018-09-27 18:10:32,-1.0,2.06,13.82,28.02
2018-09-27 18:25:32,-1.0,0.45,13.57,25.52
2018-09-27 18:40:32,-1.0,0.1,13.7,24.48
2018-09-27 18:55:32,-1.0,0.1,13.82,24.25
2018-09-27 19:10:32,-1.0,0.1,13.82,25.16
2018-09-27 19:25:32,-1.0,0.1,13.57,24.84
2018-09-27 19:40:32,-1.0,0.1,13.82,24.79
2018-09-27 19:55:32,-1.0,0.1,14.08,24.7
2018-09-27 20:10:32,-1.0,0.1,13.7,24.84
2018-09-27 20:25:32,-1.0,0.1,13.82,24.38
2018-09-27 20:40:32,-1.0,0.1,13.44,23.88
2018-09-27 20:55:32,-1.0,0.1,13.7,23.56
2018-09-27 21:10:32,-1.0,0.1,13.82,22.54
2018-09-27 21:25:32,-1.0,0.1,13.95,22.4
2018-09-27 21:40:32,-1.0,0.1,13.57,22.44
2018-09-27 21:55:32,-1.0,0.1,13.82,22.82
2018-09-27 22:10:32,-1.0,0.1,13.82,22.63
2018-09-27 22:25:32,-1.0,0.1,13.95,22.68
2018-09-27 22:40:32,-1.0,0.1,13.82,22.12
2018-09-27 22:55:32,-1.0,0.1,13.57,21.79
2018-09-27 23:10:32,-1.0,0.1,13.7,22.49
2018-09-27 23:25:32,-1.0,0.1,13.7,22.54
2018-09-27 23:40:32,-1.0,0.1,13.7,22.12
2018-09-27 23:55:32,-1.0,0.1,13.82,21.74
2018-09-28 00:10:32,-1.0,0.1,13.57,21.36
2018-09-28 00:25:32,-1.0,0.1,13.82,21.26
2018-09-28 00:40:32,-1.0,0.1,13.82,21.36
2018-09-28 00:55:32,-1.0,0.1,13.82,21.74
2018-09-28 01:10:32,-1.0,0.1,13.95,22.02
2018-09-28 01:25:32,-1.0,0.1,13.57,21.36
2018-09-28 01:40:32,-1.0,0.1,13.57,20.74
2018-09-28 01:55:32,-1.0,0.1,13.95,20.69
2018-09-28 02:10:32,-1.0,0.1,13.57,20.69
2018-09-28 02:25:32,-1.0,0.1,13.82,20.55
2018-09-28 02:40:32,-1.0,0.1,13.7,20.45
2018-09-28 02:55:32,-1.0,0.1,13.57,20.26
2018-09-28 03:10:32,-1.0,0.1,13.57,20.16
2018-09-28 03:25:32,-1.0,0.1,13.82,20.11
2018-09-28 03:40:32,-1.0,0.1,13.7,20.11
2018-09-28 03:55:32,-1.0,0.1,13.7,19.92
2018-09-28 04:10:32,-1.0,0.1,13.7,19.92
2018-09-28 04:25:32,-1.0,0.1,13.44,19.82
2018-09-28 04:40:32,-1.0,0.1,13.7,19.82
2018-09-28 04:55:32,-1.0,0.1,13.7,19.62
2018-09-28 05:10:32,-1.0,0.1,13.7,19.38
2018-09-28 05:25:32,-1.0,0.1,13.7,19.53
2018-09-28 05:40:32,-1.0,0.1,13.82,19.87
2018-09-28 05:55:32,-1.0,0.1,13.7,19.77
2018-09-28 06:10:32,-1.0,0.1,13.57,19.87
2018-09-28 06:25:32,-1.0,0.51,13.95,20.59
2018-09-28 06:40:32,-1.0,1.98,13.7,20.45
2018-09-28 06:55:32,-1.0,3.85,13.7,20.69
2018-09-28 07:10:32,-1.0,5.55,13.7,21.41
2018-09-28 07:25:32,-1.0,6.85,13.44,21.83
2018-09-28 07:40:32,-1.0,8.01,13.7,22.3
2018-09-28 07:55:32,-1.0,9.27,13.7,23.19
2018-09-28 08:10:32,-1.0,13.53,13.95,24.84
2018-09-28 08:25:32,-1.0,11.5,13.95,25.88
2018-09-28 08:40:32,-1.0,11.5,13.95,26.69
2018-09-28 08:55:32,-1.0,11.39,13.95,26.6
2018-09-28 09:10:32,-1.0,14.31,13.7,27.58
2018-09-28 09:25:32,-1.0,12.74,13.95,27.98
2018-09-28 09:40:32,-1.0,13.0,13.95,28.24
2018-09-28 09:55:32,-1.0,13.6,13.57,28.95
2018-09-28 10:10:32,-1.0,15.36,13.7,31.91
2018-09-28 10:25:32,-1.0,20.4,13.57,32.22
2018-09-28 10:40:32,-1.0,14.91,13.95,30.63
2018-09-28 10:55:32,-1.0,14.52,13.95,30.23
2018-09-28 11:10:32,-1.0,20.36,13.95,30.98
2018-09-28 11:25:32,-1.0,15.16,13.95,30.85
2018-09-28 11:40:32,-1.0,15.31,13.95,31.03
2018-09-28 11:55:32,-1.0,14.68,13.7,30.67
2018-09-28 12:10:32,-1.0,19.99,13.44,31.16
2018-09-28 12:25:32,-1.0,18.18,13.7,31.6
2018-09-28 12:40:32,-1.0,27.62,13.82,32.49
2018-09-28 12:55:32,-1.0,36.33,13.57,35.13
2018-09-28 13:10:32,-1.0,34.98,13.57,34.45
2018-09-28 13:25:32,-1.0,28.47,13.95,35.81
2018-09-28 13:40:32,-1.0,122.02,13.95,41.71
2018-09-28 13:55:32,-1.0,119.6,13.7,43.9
2018-09-28 14:10:32,-1.0,115.03,13.7,45.76
2018-09-28 14:25:32,-1.0,110.79,13.57,42.72
2018-09-28 14:40:32,-1.0,105.9,13.95,42.36
2018-09-28 14:55:32,-1.0,98.9,13.82,44.01
2018-09-28 15:10:32,-1.0,92.74,13.7,43.08
2018-09-28 15:25:32,-1.0,86.01,13.82,43.44
2018-09-28 15:40:32,-1.0,79.1,13.95,42.06
2018-09-28 15:55:32,-1.0,73.19,13.57,41.61
2018-09-28 16:10:32,-1.0,66.91,13.95,41.21
2018-09-28 16:25:32,-1.0,59.09,13.57,40.18
2018-09-28 16:40:32,-1.0,51.45,14.08,38.04
2018-09-28 16:55:32,-1.0,43.11,13.82,36.87
2018-09-28 17:10:32,-1.0,34.55,13.7,35.68
2018-09-28 17:25:32,-1.0,24.29,13.7,33.69
2018-09-28 17:40:32,-1.0,15.29,13.7,31.6
2018-09-28 17:55:32,-1.0,6.96,13.95,29.26
2018-09-28 18:10:32,-1.0,1.9,14.08,26.24
2018-09-28 18:25:32,-1.0,0.39,13.57,24.75
2018-09-28 18:40:32,-1.0,0.1,13.95,23.93
2018-09-28 18:55:32,-1.0,0.1,14.08,23.47
2018-09-28 19:10:32,-1.0,0.1,13.95,22.91
2018-09-28 19:25:32,-1.0,0.1,13.82,22.63
2018-09-28 19:40:32,-1.0,0.1,13.7,22.44
2018-09-28 19:55:32,-1.0,0.1,13.57,22.4
2018-09-28 20:10:32,-1.0,0.1,13.95,22.02
2018-09-28 20:25:32,-1.0,0.1,13.82,21.83
2018-09-28 20:40:32,-1.0,0.1,13.57,21.69
2018-09-28 20:55:32,-1.0,0.1,13.7,21.5
2018-09-28 21:10:32,-1.0,0.1,13.7,21.36
2018-09-28 21:25:32,-1.0,0.1,13.7,21.12
2018-09-28 21:40:32,-1.0,0.1,13.95,20.98
2018-09-28 21:55:32,-1.0,0.1,13.82,20.35
2018-09-28 22:10:32,-1.0,0.1,13.57,20.06
2018-09-28 22:25:32,-1.0,0.1,13.7,19.96
2018-09-28 22:40:32,-1.0,0.1,13.57,19.87
2018-09-28 22:55:32,-1.0,0.1,13.44,19.48
2018-09-28 23:10:32,-1.0,0.1,13.82,19.62
2018-09-28 23:25:32,-1.0,0.1,13.7,19.62
2018-09-28 23:40:32,-1.0,0.1,13.44,19.62
2018-09-28 23:55:32,-1.0,0.1,13.7,19.62
2018-09-29 00:10:32,-1.0,0.1,13.57,19.77
2018-09-29 00:25:32,-1.0,0.1,13.82,19.82
2018-09-29 00:40:32,-1.0,0.1,13.95,20.06
2018-09-29 00:55:32,-1.0,0.1,13.82,19.53
2018-09-29 01:10:32,-1.0,0.1,13.82,18.78
2018-09-29 01:25:32,-1.0,0.1,13.82,17.93
2018-09-29 01:40:32,-1.0,0.1,13.82,17.43
2018-09-29 01:55:32,-1.0,0.1,13.7,17.43
2018-09-29 02:10:32,-1.0,0.1,13.57,17.53
2018-09-29 02:25:32,-1.0,0.1,13.82,17.22
2018-09-29 02:40:32,-1.0,0.1,13.82,17.83
2018-09-29 02:55:32,-1.0,0.1,13.95,17.58
2018-09-29 03:10:32,-1.0,0.1,13.57,17.32
2018-09-29 03:25:32,-1.0,0.1,13.7,17.27
2018-09-29 03:40:32,-1.0,0.1,13.7,17.22
2018-09-29 03:55:32,-1.0,0.1,13.57,17.53
2018-09-29 04:10:32,-1.0,0.1,13.57,17.88
2018-09-29 04:25:32,-1.0,0.1,13.82,18.24
2018-09-29 04:40:32,-1.0,0.1,13.7,18.49
2018-09-29 04:55:32,-1.0,0.1,13.82,18.19
2018-09-29 05:10:32,-1.0,0.1,13.82,18.24
2018-09-29 05:25:32,-1.0,0.1,13.82,18.29
2018-09-29 05:40:32,-1.0,0.1,13.95,18.88
2018-09-29 05:55:32,-1.0,0.1,13.57,18.24
2018-09-29 06:10:32,-1.0,0.1,13.7,17.88
2018-09-29 06:25:32,-1.0,0.44,13.57,18.08
2018-09-29 06:40:32,-1.0,1.85,13.95,18.24
2018-09-29 06:55:32,-1.0,3.75,13.82,18.78
2018-09-29 07:10:32,-1.0,5.45,13.7,19.38
2018-09-29 07:25:32,-1.0,6.81,13.82,19.82
2018-09-29 07:40:32,-1.0,7.85,13.82,20.4
2018-09-29 07:55:32,-1.0,8.73,13.57,21.17
2018-09-29 08:10:32,-1.0,9.43,13.95,22.44
2018-09-29 08:25:32,-1.0,10.01,13.44,23.51
2018-09-29 08:40:32,-1.0,10.54,13.95,24.16
2018-09-29 08:55:32,-1.0,11.03,13.7,24.75
2018-09-29 09:10:32,-1.0,11.54,13.82,25.61
2018-09-29 09:25:32,-1.0,11.48,13.7,25.83
2018-09-29 09:40:32,-1.0,11.39,13.57,26.19
2018-09-29 09:55:32,-1.0,11.8,13.44,26.6
2018-09-29 10:10:32,-1.0,19.7,13.82,29.26
2018-09-29 10:25:32,-1.0,14.05,13.57,29.35
2018-09-29 10:40:32,-1.0,12.98,13.95,28.46
2018-09-29 10:55:32,-1.0,17.42,13.44,28.6
2018-09-29 11:10:32,-1.0,19.7,13.44,29.48
2018-09-29 11:25:32,-1.0,13.13,13.95,29.53
2018-09-29 11:40:32,-1.0,14.25,13.82,29.44
2018-09-29 11:55:32,-1.0,13.74,13.82,29.3
2018-09-29 12:10:32,-1.0,17.39,13.82,30.01
2018-09-29 12:25:32,-1.0,14.52,13.57,30.36
2018-09-29 12:40:32,-1.0,19.45,13.82,30.67
2018-09-29 12:55:32,-1.0,77.54,13.7,34.36
2018-09-29 13:10:32,-1.0,36.45,13.57,33.2
2018-09-29 13:25:32,-1.0,57.91,13.82,35.72
2018-09-29 13:40:32,-1.0,99.72,13.44,40.38
2018-09-29 13:55:32,-1.0,119.6,13.7,45.71
2018-09-29 14:10:32,-1.0,116.14,13.82,46.2
2018-09-29 14:25:32,-1.0,110.79,13.82,45.6
2018-09-29 14:40:32,-1.0,104.97,13.57,46.52
2018-09-29 14:55:32,-1.0,98.9,13.82,45.28
2018-09-29 15:10:32,-1.0,92.74,13.57,44.06
2018-09-29 15:25:32,-1.0,86.64,13.95,42.77
2018-09-29 15:40:32,-1.0,79.64,13.57,42.82
2018-09-29 15:55:32,-1.0,73.65,13.95,42.87
2018-09-29 16:10:32,-1.0,67.3,13.7,42.77
2018-09-29 16:25:32,-1.0,59.7,13.95,40.53
2018-09-29 16:40:32,-1.0,50.55,13.95,40.62
2018-09-29 16:55:32,-1.0,41.69,14.08,38.74
2018-09-29 17:10:32,-1.0,32.83,13.82,36.23
2018-09-29 17:25:32,-1.0,24.29,13.57,33.42
2018-09-29 17:40:32,-1.0,15.23,13.7,30.72
2018-09-29 17:55:32,-1.0,6.67,13.7,28.33
2018-09-29 18:10:32,-1.0,1.7,13.7,25.43
2018-09-29 18:25:32,-1.0,0.33,13.82,23.93
2018-09-29 18:40:32,-1.0,0.1,13.57,23.24
2018-09-29 18:55:32,-1.0,0.1,13.57,22.86
2018-09-29 19:10:32,-1.0,0.1,13.7,22.4
2018-09-29 19:25:32,-1.0,0.1,13.95,21.93
2018-09-29 19:40:32,-1.0,0.1,13.95,21.79
2018-09-29 19:55:32,-1.0,0.1,13.44,21.45
2018-09-29 20:10:32,-1.0,0.1,13.7,21.36
2018-09-29 20:25:32,-1.0,0.1,13.82,21.07
2018-09-29 20:40:32,-1.0,0.1,13.7,21.26
2018-09-29 20:55:32,-1.0,0.1,13.57,20.98
2018-09-29 21:10:32,-1.0,0.1,13.44,21.12
2018-09-29 21:25:32,-1.0,0.1,13.82,21.03
2018-09-29 21:40:32,-1.0,0.1,13.82,20.74
2018-09-29 21:55:32,-1.0,0.1,13.57,20.69
2018-09-29 22:10:32,-1.0,0.1,13.82,20.21
2018-09-29 22:25:32,-1.0,0.1,13.82,20.26
2018-09-29 22:40:32,-1.0,0.1,14.08,20.4
2018-09-29 22:55:32,-1.0,0.1,13.57,20.3
2018-09-29 23:10:32,-1.0,0.1,13.57,20.21
2018-09-29 23:25:32,-1.0,0.1,13.7,20.11
2018-09-29 23:40:32,-1.0,0.1,13.82,20.01
2018-09-29 23:55:32,-1.0,0.1,13.57,19.77
2018-09-30 00:10:32,-1.0,0.1,13.82,19.77
2018-09-30 00:25:32,-1.0,0.1,13.57,19.53
2018-09-30 00:40:32,-1.0,0.1,13.82,19.43
2018-09-30 00:55:32,-1.0,0.1,13.57,19.33
2018-09-30 01:10:32,-1.0,0.1,13.7,19.13
2018-09-30 01:25:32,-1.0,0.1,13.82,18.74
2018-09-30 01:40:32,-1.0,0.1,13.7,18.39
2018-09-30 01:55:32,-1.0,0.1,13.7,18.29
2018-09-30 02:10:32,-1.0,0.1,13.82,18.03
2018-09-30 02:25:32,-1.0,0.1,13.57,18.08
2018-09-30 02:40:32,-1.0,0.1,13.7,18.03
2018-09-30 02:55:32,-1.0,0.1,13.82,17.98
2018-09-30 03:10:32,-1.0,0.1,13.82,17.93
2018-09-30 03:25:32,-1.0,0.1,13.95,17.58
2018-09-30 03:40:32,-1.0,0.1,13.7,17.83
2018-09-30 03:55:32,-1.0,0.1,13.95,17.78
2018-09-30 04:10:32,-1.0,0.1,13.7,17.68
2018-09-30 04:25:32,-1.0,0.1,13.95,17.63
2018-09-30 04:40:32,-1.0,0.1,13.57,17.63
2018-09-30 04:55:32,-1.0,0.1,13.7,17.93
2018-09-30 05:10:32,-1.0,0.1,13.7,17.12
2018-09-30 05:25:32,-1.0,0.1,13.7,17.02
2018-09-30 05:40:32,-1.0,0.1,13.82,17.48
2018-09-30 05:55:32,-1.0,0.1,13.57,17.53
2018-09-30 06:10:32,-1.0,0.1,13.95,17.38
2018-09-30 06:25:32,-1.0,0.34,13.7,17.17
2018-09-30 06:40:32,-1.0,1.47,13.32,17.22
2018-09-30 06:55:32,-1.0,3.1,13.7,18.24
2018-09-30 07:10:32,-1.0,5.48,13.57,18.93
2018-09-30 07:25:32,-1.0,6.3,13.95,19.23
2018-09-30 07:40:32,-1.0,7.38,13.44,19.38
2018-09-30 07:55:32,-1.0,8.23,13.7,20.45
2018-09-30 08:10:32,-1.0,10.63,13.44,21.83
2018-09-30 08:25:32,-1.0,10.81,13.7,22.86
2018-09-30 08:40:32,-1.0,11.27,13.82,23.83
2018-09-30 08:55:32,-1.0,11.84,13.7,25.02
2018-09-30 09:10:32,-1.0,20.47,13.95,26.24
2018-09-30 09:25:32,-1.0,13.06,13.95,26.95
2018-09-30 09:40:32,-1.0,13.26,13.95,27.36
2018-09-30 09:55:32,-1.0,13.56,13.57,27.89
2018-09-30 10:10:32,-1.0,51.68,13.7,30.06
2018-09-30 10:25:32,-1.0,15.47,13.95,30.06
2018-09-30 10:40:32,-1.0,15.25,13.95,29.61
2018-09-30 10:55:32,-1.0,16.0,13.82,29.44
2018-09-30 11:10:32,-1.0,18.09,13.82,30.06
2018-09-30 11:25:32,-1.0,16.12,13.57,30.06
2018-09-30 11:40:32,-1.0,16.34,13.57,30.45
2018-09-30 11:55:32,-1.0,19.11,13.57,30.54
2018-09-30 12:10:32,-1.0,41.54,13.57,33.33
2018-09-30 12:25:32,-1.0,52.87,13.82,36.87
2018-09-30 12:40:32,-1.0,57.62,13.7,37.89
2018-09-30 12:55:32,-1.0,81.85,13.57,37.01
2018-09-30 13:10:32,-1.0,31.72,13.57,36.04
2018-09-30 13:25:32,-1.0,89.93,13.82,38.55
2018-09-30 13:40:32,-1.0,127.15,13.7,42.26
2018-09-30 13:55:32,-1.0,127.15,13.57,46.09
2018-09-30 14:10:32,-1.0,49.04,14.08,46.41
2018-09-30 14:25:32,-1.0,84.78,14.08,42.06
2018-09-30 14:40:32,-1.0,104.97,13.7,46.2
2018-09-30 14:55:32,-1.0,99.72,13.7,47.47
2018-09-30 15:10:32,-1.0,102.28,13.7,47.3
2018-09-30 15:25:32,-1.0,42.47,13.82,37.85
2018-09-30 15:40:32,-1.0,41.24,13.7,39.89
2018-09-30 15:55:32,-1.0,85.39,13.7,44.64
2018-09-30 16:10:32,-1.0,24.39,14.08,37.57
2018-09-30 16:25:32,-1.0,55.15,13.7,36.87
2018-09-30 16:40:32,-1.0,50.55,14.08,39.12
2018-09-30 16:55:32,-1.0,44.99,13.82,38.65
2018-09-30 17:10:32,-1.0,33.82,13.95,37.24
2018-09-30 17:25:32,-1.0,22.87,13.95,34.05
2018-09-30 17:40:32,-1.0,12.77,14.08,31.29
2018-09-30 17:55:32,-1.0,5.17,13.95,28.33
2018-09-30 18:10:32,-1.0,1.49,14.08,25.02
2018-09-30 18:25:32,-1.0,0.24,13.82,23.24
2018-09-30 18:40:32,-1.0,0.1,13.95,22.3
2018-09-30 18:55:32,-1.0,0.1,13.7,21.88
2018-09-30 19:10:32,-1.0,0.1,13.95,21.6
2018-09-30 19:25:32,-1.0,0.1,13.82,21.5
2018-09-30 19:40:32,-1.0,0.1,13.82,21.69
2018-09-30 19:55:32,-1.0,0.1,13.7,21.55
2018-09-30 20:10:32,-1.0,0.1,14.08,21.64
2018-09-30 20:25:32,-1.0,0.1,13.82,21.6
2018-09-30 20:40:32,-1.0,0.1,13.95,21.45
2018-09-30 20:55:32,-1.0,0.1,13.82,21.03
2018-09-30 21:10:32,-1.0,0.1,13.57,20.98
2018-09-30 21:25:32,-1.0,0.1,13.95,20.79
2018-09-30 21:40:32,-1.0,0.1,13.95,20.79
2018-09-30 21:55:32,-1.0,0.1,13.57,20.74
2018-09-30 22:10:32,-1.0,0.1,13.7,20.59
2018-09-30 22:25:32,-1.0,0.1,13.7,20.26
2018-09-30 22:40:32,-1.0,0.1,14.08,19.96
2018-09-30 22:55:32,-1.0,0.1,13.57,20.01
2018-09-30 23:10:32,-1.0,0.1,13.44,19.77
2018-09-30 23:25:32,-1.0,0.1,13.7,19.77
2018-09-30 23:40:32,-1.0,0.1,14.08,19.92
2018-09-30 23:55:32,-1.0,0.1,13.82,19.18
2018-10-01 00:10:32,-1.0,0.1,13.82,19.82
2018-10-01 00:25:32,-1.0,0.1,13.7,20.06
2018-10-01 00:40:32,-1.0,0.1,13.82,19.67
2018-10-01 00:55:32,-1.0,0.1,13.44,19.77
2018-10-01 01:10:32,-1.0,0.1,13.57,19.53
2018-10-01 01:25:32,-1.0,0.1,13.44,19.23
2018-10-01 01:40:32,-1.0,0.1,13.82,19.08
2018-10-01 01:55:32,-1.0,0.1,13.82,18.49
2018-10-01 02:10:32,-1.0,0.1,13.57,18.74
2018-10-01 02:25:32,-1.0,0.1,13.82,18.49
2018-10-01 02:40:32,-1.0,0.1,13.44,19.23
2018-10-01 02:55:32,-1.0,0.1,13.95,18.29
2018-10-01 03:10:32,-1.0,0.1,13.57,18.19
2018-10-01 03:25:32,-1.0,0.1,13.82,18.39
2018-10-01 03:40:32,-1.0,0.1,13.82,18.59
2018-10-01 03:55:32,-1.0,0.1,13.95,18.49
2018-10-01 04:10:32,-1.0,0.1,13.82,18.64
2018-10-01 04:25:32,-1.0,0.1,13.82,18.49
2018-10-01 04:40:32,-1.0,0.1,13.57,17.53
2018-10-01 04:55:32,-1.0,0.1,13.57,17.02
2018-10-01 05:10:32,-1.0,0.1,13.95,16.97
2018-10-01 05:25:32,-1.0,0.1,13.82,16.81
2018-10-01 05:40:32,-1.0,0.1,13.82,16.76
2018-10-01 05:55:32,-1.0,0.1,13.44,16.86
2018-10-01 06:10:32,-1.0,0.1,13.82,16.91
2018-10-01 06:25:32,-1.0,0.3,13.82,16.71
2018-10-01 06:40:32,-1.0,1.56,13.95,17.02
2018-10-01 06:55:32,-1.0,3.46,13.82,17.38
2018-10-01 07:10:32,-1.0,5.3,13.32,18.13
2018-10-01 07:25:32,-1.0,6.87,13.57,18.88
2018-10-01 07:40:32,-1.0,8.08,13.7,19.92
2018-10-01 07:55:32,-1.0,9.05,13.82,20.79
2018-10-01 08:10:32,-1.0,9.62,13.82,21.79
2018-10-01 08:25:32,-1.0,10.02,13.7,23.0
2018-10-01 08:40:32,-1.0,10.54,13.57,24.02
2018-10-01 08:55:32,-1.0,10.95,13.57,24.84
2018-10-01 09:10:32,-1.0,11.15,13.57,25.56
2018-10-01 09:25:32,-1.0,11.63,13.95,26.28
2018-10-01 09:40:32,-1.0,11.75,13.7,27.18
2018-10-01 09:55:32,-1.0,12.15,13.57,27.93
2018-10-01 10:10:32,-1.0,63.28,13.44,30.1
2018-10-01 10:25:32,-1.0,15.93,13.95,30.76
2018-10-01 10:40:32,-1.0,13.44,13.82,31.03
2018-10-01 10:55:32,-1.0,14.14,13.82,31.6
2018-10-01 11:10:32,-1.0,17.48,13.57,32.98
2018-10-01 11:25:32,-1.0,16.59,13.95,33.11
2018-10-01 11:40:32,-1.0,13.97,13.82,33.51
2018-10-01 11:55:32,-1.0,14.25,13.7,31.87
2018-10-01 12:10:32,-1.0,19.42,13.57,33.65
2018-10-01 12:25:32,-1.0,16.26,13.82,33.29
2018-10-01 12:40:32,-1.0,19.56,13.7,34.59
2018-10-01 12:55:32,-1.0,38.31,13.57,38.32
2018-10-01 13:10:32,-1.0,24.61,13.95,38.89
2018-10-01 13:25:32,-1.0,34.76,13.7,41.41
2018-10-01 13:40:32,-1.0,118.42,13.82,44.85
2018-10-01 13:55:32,-1.0,112.87,13.82,51.26
2018-10-01 14:10:32,-1.0,108.79,13.82,51.32
2018-10-01 14:25:32,-1.0,104.97,13.95,45.49
2018-10-01 14:40:32,-1.0,98.9,13.82,44.69
2018-10-01 14:55:32,-1.0,91.31,13.7,44.01
2018-10-01 15:10:32,-1.0,87.93,13.95,43.39
2018-10-01 15:25:32,-1.0,83.0,13.95,42.31
2018-10-01 15:40:32,-1.0,74.59,13.57,41.91
2018-10-01 15:55:32,-1.0,71.85,13.7,41.71
2018-10-01 16:10:32,-1.0,57.34,13.95,40.33
2018-10-01 16:25:32,-1.0,47.81,14.08,38.74
2018-10-01 16:40:32,-1.0,44.99,14.08,37.71
2018-10-01 16:55:32,-1.0,40.07,13.82,37.66
2018-10-01 17:10:32,-1.0,31.54,13.95,35.45
2018-10-01 17:25:32,-1.0,22.87,13.95,33.02
2018-10-01 17:40:32,-1.0,13.72,13.7,30.76
2018-10-01 17:55:32,-1.0,5.85,13.7,28.77
2018-10-01 18:10:32,-1.0,1.38,13.95,25.65
2018-10-01 18:25:32,-1.0,0.21,13.57,24.57
2018-10-01 18:40:32,-1.0,0.1,13.82,24.16
2018-10-01 18:55:32,-1.0,0.1,13.57,23.6
2018-10-01 19:10:32,-1.0,0.1,13.95,23.56
2018-10-01 19:25:32,-1.0,0.1,13.82,23.24
2018-10-01 19:40:32,-1.0,0.1,13.57,22.96
2018-10-01 19:55:32,-1.0,0.1,13.95,22.16
2018-10-01 20:10:32,-1.0,0.1,13.44,22.3
2018-10-01 20:25:32,-1.0,0.1,14.08,22.16
2018-10-01 20:40:32,-1.0,0.1,13.95,21.79
2018-10-01 20:55:32,-1.0,0.1,13.7,21.6
2018-10-01 21:10:32,-1.0,0.1,13.44,21.55
2018-10-01 21:25:32,-1.0,0.1,13.82,21.64
2018-10-01 21:40:32,-1.0,0.1,13.95,21.6
2018-10-01 21:55:32,-1.0,0.1,13.82,21.26
2018-10-01 22:10:32,-1.0,0.1,13.95,20.74
2018-10-01 22:25:32,-1.0,0.1,13.7,20.5
2018-10-01 22:40:32,-1.0,0.1,13.82,20.55
2018-10-01 22:55:32,-1.0,0.1,13.82,20.16
2018-10-01 23:10:32,-1.0,0.1,13.44,19.87
2018-10-01 23:25:32,-1.0,0.1,14.08,19.72
2018-10-01 23:40:32,-1.0,0.1,13.7,20.11
2018-10-01 23:55:32,-1.0,0.1,13.82,19.57
2018-10-02 00:10:32,-1.0,0.1,13.7,19.67
2018-10-02 00:25:32,-1.0,0.1,13.95,19.77
2018-10-02 00:40:32,-1.0,0.1,13.57,19.53
2018-10-02 00:55:32,-1.0,0.1,13.7,19.13
2018-10-02 01:10:32,-1.0,0.1,13.7,19.13
2018-10-02 01:25:32,-1.0,0.1,13.44,19.28
2018-10-02 01:40:32,-1.0,0.1,13.44,19.18
2018-10-02 01:55:32,-1.0,0.1,13.44,18.08
2018-10-02 02:10:32,-1.0,0.1,13.95,18.29
2018-10-02 02:25:32,-1.0,0.1,13.82,16.97
2018-10-02 02:40:32,-1.0,0.1,13.95,17.93
2018-10-02 02:55:32,-1.0,0.1,13.82,18.54
2018-10-02 03:10:32,-1.0,0.1,13.7,17.12
2018-10-02 03:25:32,-1.0,0.1,13.7,17.02
2018-10-02 03:40:32,-1.0,0.1,13.44,16.97
2018-10-02 03:55:32,-1.0,0.1,13.7,16.86
2018-10-02 04:10:32,-1.0,0.1,13.7,16.19
2018-10-02 04:25:32,-1.0,0.1,13.7,16.19
2018-10-02 04:40:32,-1.0,0.1,13.82,16.5
2018-10-02 04:55:32,-1.0,0.1,13.44,16.45
2018-10-02 05:10:32,-1.0,0.1,13.32,16.14
2018-10-02 05:25:32,-1.0,0.1,13.82,16.66
2018-10-02 05:40:32,-1.0,0.1,13.7,16.4
2018-10-02 05:55:32,-1.0,0.1,13.95,16.91
2018-10-02 06:10:32,-1.0,0.1,13.95,16.29
2018-10-02 06:25:32,-1.0,0.3,13.7,15.82
2018-10-02 06:40:32,-1.0,1.51,13.44,15.72
2018-10-02 06:55:32,-1.0,3.37,13.7,16.71
2018-10-02 07:10:32,-1.0,5.06,13.7,17.07
2018-10-02 07:25:32,-1.0,6.34,13.57,17.68
2018-10-02 07:40:32,-1.0,7.37,13.44,18.13
2018-10-02 07:55:32,-1.0,8.21,13.44,18.93
2018-10-02 08:10:32,-1.0,8.91,13.57,20.79
2018-10-02 08:25:32,-1.0,9.55,13.7,21.83
2018-10-02 08:40:32,-1.0,9.77,13.57,22.72
2018-10-02 08:55:32,-1.0,10.09,13.57,23.93
2018-10-02 09:10:32,-1.0,10.48,13.82,24.75
2018-10-02 09:25:32,-1.0,11.01,13.7,25.83
2018-10-02 09:40:32,-1.0,11.49,13.32,27.0
2018-10-02 09:55:32,-1.0,12.01,13.7,27.4
2018-10-02 10:10:32,-1.0,37.05,13.7,29.3
2018-10-02 10:25:32,-1.0,22.92,13.44,29.75
2018-10-02 10:40:32,-1.0,13.88,13.82,29.22
2018-10-02 10:55:32,-1.0,15.9,13.95,28.73
2018-10-02 11:10:32,-1.0,22.68,13.44,29.44
2018-10-02 11:25:32,-1.0,16.82,13.7,29.66
2018-10-02 11:40:32,-1.0,15.74,13.95,29.7
2018-10-02 11:55:32,-1.0,16.07,13.7,29.66
2018-10-02 12:10:32,-1.0,29.77,13.82,30.76
2018-10-02 12:25:32,-1.0,17.39,13.82,30.85
2018-10-02 12:40:32,-1.0,22.5,13.57,31.29
2018-10-02 12:55:32,-1.0,24.89,13.82,34.77
2018-10-02 13:10:32,-1.0,40.5,13.57,34.27
2018-10-02 13:25:32,-1.0,81.28,13.7,36.87
2018-10-02 13:40:32,-1.0,116.14,13.82,41.46
2018-10-02 13:55:32,-1.0,112.87,13.44,44.16
2018-10-02 14:10:32,-1.0,108.79,13.95,44.8
2018-10-02 14:25:32,-1.0,97.28,13.82,43.33
2018-10-02 14:40:32,-1.0,93.47,13.7,39.75
2018-10-02 14:55:32,-1.0,96.5,13.82,44.32
2018-10-02 15:10:32,-1.0,100.56,13.7,42.72
2018-10-02 15:25:32,-1.0,81.28,13.95,43.33
2018-10-02 15:40:32,-1.0,76.04,14.08,42.77
2018-10-02 15:55:32,-1.0,68.48,13.7,42.42
2018-10-02 16:10:32,-1.0,61.6,13.7,40.48
2018-10-02 16:25:32,-1.0,54.63,13.95,39.94
2018-10-02 16:40:32,-1.0,45.89,13.7,38.7
2018-10-02 16:55:32,-1.0,37.42,13.95,37.33
2018-10-02 17:10:32,-1.0,28.99,13.7,35.59
2018-10-02 17:25:32,-1.0,19.35,13.57,33.2
2018-10-02 17:40:32,-1.0,9.97,13.7,30.32
2018-10-02 17:55:32,-1.0,4.03,13.95,27.49
2018-10-02 18:10:32,-1.0,1.0,14.08,23.56
2018-10-02 18:25:32,-1.0,0.14,14.2,21.6
2018-10-02 18:40:32,-1.0,0.1,13.95,20.79
2018-10-02 18:55:32,-1.0,0.1,13.95,20.45
2018-10-02 19:10:32,-1.0,0.1,13.82,20.26
2018-10-02 19:25:32,-1.0,0.1,13.95,19.82
2018-10-02 19:40:32,-1.0,0.1,13.82,19.87
2018-10-02 19:55:32,-1.0,0.1,14.08,19.82
2018-10-02 20:10:32,-1.0,0.1,13.7,19.62
2018-10-02 20:25:32,-1.0,0.1,14.08,19.96
2018-10-02 20:40:32,-1.0,0.1,13.82,20.35
2018-10-02 20:55:32,-1.0,0.1,13.7,19.96
2018-10-02 21:10:32,-1.0,0.1,13.82,19.18
2018-10-02 21:25:32,-1.0,0.1,13.82,20.26
2018-10-02 21:40:32,-1.0,0.1,13.57,19.53
2018-10-02 21:55:32,-1.0,0.1,13.7,19.33
2018-10-02 22:10:32,-1.0,0.1,13.57,19.53
2018-10-02 22:25:32,-1.0,0.1,13.44,19.28
2018-10-02 22:40:32,-1.0,0.1,13.82,18.98
2018-10-02 22:55:32,-1.0,0.1,13.44,19.28
2018-10-02 23:10:32,-1.0,0.1,13.57,19.18
2018-10-02 23:25:32,-1.0,0.1,13.95,17.88
2018-10-02 23:40:32,-1.0,0.1,13.44,18.13
2018-10-02 23:55:32,-1.0,0.1,13.57,18.64
2018-10-03 00:10:32,-1.0,0.1,13.82,18.59
2018-10-03 00:25:32,-1.0,0.1,13.82,18.08
2018-10-03 00:40:32,-1.0,0.1,13.57,18.54
2018-10-03 00:55:32,-1.0,0.1,13.82,17.02
2018-10-03 01:10:32,-1.0,0.1,13.82,16.4
2018-10-03 01:25:32,-1.0,0.1,13.82,16.19
2018-10-03 01:40:32,-1.0,0.1,13.82,16.08
2018-10-03 01:55:32,-1.0,0.1,13.44,15.98
2018-10-03 02:10:32,-1.0,0.1,13.57,15.77
2018-10-03 02:25:32,-1.0,0.1,13.44,15.93
2018-10-03 02:40:32,-1.0,0.1,13.57,16.4
2018-10-03 02:55:32,-1.0,0.1,13.7,16.19
2018-10-03 03:10:32,-1.0,0.1,13.82,16.5
2018-10-03 03:25:32,-1.0,0.1,13.82,15.93
2018-10-03 03:40:32,-1.0,0.1,13.7,15.98
2018-10-03 03:55:32,-1.0,0.1,13.44,16.24
2018-10-03 04:10:32,-1.0,0.1,13.57,16.66
2018-10-03 04:25:32,-1.0,0.1,13.7,16.71
2018-10-03 04:40:32,-1.0,0.1,13.7,16.66
2018-10-03 04:55:32,-1.0,0.1,13.32,17.32
2018-10-03 05:10:32,-1.0,0.1,13.57,16.81
2018-10-03 05:25:32,-1.0,0.1,13.95,16.91
2018-10-03 05:40:32,-1.0,0.1,13.44,17.12
2018-10-03 05:55:32,-1.0,0.1,13.82,18.03
2018-10-03 06:10:32,-1.0,0.1,13.95,18.19
2018-10-03 06:25:32,-1.0,0.23,13.7,18.29
2018-10-03 06:40:32,-1.0,1.03,13.82,18.74
2018-10-03 06:55:32,-1.0,2.74,13.7,19.53
2018-10-03 07:10:32,-1.0,5.64,13.95,19.67
2018-10-03 07:25:32,-1.0,7.18,13.57,19.33
2018-10-03 07:40:32,-1.0,8.43,13.7,19.77
2018-10-03 07:55:32,-1.0,9.87,13.7,20.4
2018-10-03 08:10:32,-1.0,10.54,13.7,21.17
2018-10-03 08:25:32,-1.0,11.76,13.82,22.02
2018-10-03 08:40:32,-1.0,12.44,13.7,22.91
2018-10-03 08:55:32,-1.0,12.45,13.82,23.56
2018-10-03 09:10:32,-1.0,16.74,13.7,24.38
2018-10-03 09:25:32,-1.0,13.76,13.7,25.79
2018-10-03 09:40:32,-1.0,13.28,13.44,25.29
2018-10-03 09:55:32,-1.0,14.54,13.57,25.83
2018-10-03 10:10:32,-1.0,31.45,13.82,27.44
2018-10-03 10:25:32,-1.0,33.52,13.95,28.86
2018-10-03 10:40:32,-1.0,15.14,13.7,28.2
2018-10-03 10:55:32,-1.0,16.07,13.82,28.2
2018-10-03 11:10:32,-1.0,17.91,13.82,29.0
2018-10-03 11:25:32,-1.0,28.99,13.82,29.26
2018-10-03 11:40:32,-1.0,15.76,13.7,29.04
2018-10-03 11:55:32,-1.0,17.06,13.7,29.22
2018-10-03 12:10:32,-1.0,20.17,13.57,30.14
2018-10-03 12:25:32,-1.0,18.49,13.82,30.41
2018-10-03 12:40:32,-1.0,24.39,13.95,31.12
2018-10-03 12:55:32,-1.0,28.55,13.82,34.19
2018-10-03 13:10:32,-1.0,49.89,14.08,33.51
2018-10-03 13:25:32,-1.0,87.28,13.82,35.91
2018-10-03 13:40:32,-1.0,111.82,13.82,41.56
2018-10-03 13:55:32,-1.0,109.78,13.95,43.75
2018-10-03 14:10:32,-1.0,104.97,13.95,44.69
2018-10-03 14:25:32,-1.0,101.42,13.7,43.33
2018-10-03 14:40:32,-1.0,97.28,13.7,43.8
2018-10-03 14:55:32,-1.0,91.31,14.08,44.11
2018-10-03 15:10:32,-1.0,86.01,13.7,43.64
2018-10-03 15:25:32,-1.0,79.64,13.95,42.06
2018-10-03 15:40:32,-1.0,74.12,13.7,41.36
2018-10-03 15:55:32,-1.0,67.69,13.95,40.72
2018-10-03 16:10:32,-1.0,61.28,13.7,39.41
2018-10-03 16:25:32,-1.0,53.36,13.82,39.12
2018-10-03 16:40:32,-1.0,44.99,14.2,37.01
2018-10-03 16:55:32,-1.0,36.57,13.95,36.13
2018-10-03 17:10:32,-1.0,27.76,14.08,34.32
2018-10-03 17:25:32,-1.0,18.15,13.95,32.0
2018-10-03 17:40:32,-1.0,8.35,13.95,27.98
2018-10-03 17:55:32,-1.0,3.2,13.7,26.28
2018-10-03 18:10:32,-1.0,1.01,14.08,23.1
2018-10-03 18:25:32,-1.0,0.1,14.08,22.54
2018-10-03 18:40:32,-1.0,0.1,13.7,21.97
2018-10-03 18:55:32,-1.0,0.1,13.95,22.12
2018-10-03 19:10:32,-1.0,0.1,14.08,21.97
2018-10-03 19:25:32,-1.0,0.1,13.7,21.55
2018-10-03 19:40:32,-1.0,0.1,13.82,21.07
2018-10-03 19:55:32,-1.0,0.1,13.57,20.79
2018-10-03 20:10:32,-1.0,0.1,13.57,20.69
2018-10-03 20:25:32,-1.0,0.1,13.57,20.59
2018-10-03 20:40:32,-1.0,0.1,13.95,20.45
2018-10-03 20:55:32,-1.0,0.1,14.08,20.3
2018-10-03 21:10:32,-1.0,0.1,13.7,19.92
2018-10-03 21:25:32,-1.0,0.1,13.57,19.87
2018-10-03 21:40:32,-1.0,0.1,13.95,19.77
2018-10-03 21:55:32,-1.0,0.1,13.7,19.57
2018-10-03 22:10:32,-1.0,0.1,13.57,19.18
2018-10-03 22:25:32,-1.0,0.1,13.7,18.78
2018-10-03 22:40:32,-1.0,0.1,14.08,18.44
2018-10-03 22:55:32,-1.0,0.1,13.82,18.49
2018-10-03 23:10:32,-1.0,0.1,13.7,18.03
2018-10-03 23:25:32,-1.0,0.1,13.7,17.98
2018-10-03 23:40:32,-1.0,0.1,13.7,17.58
2018-10-03 23:55:32,-1.0,0.1,13.57,17.63
2018-10-04 00:10:32,-1.0,0.1,13.95,17.58
2018-10-04 00:25:32,-1.0,0.1,13.7,17.27
2018-10-04 00:40:32,-1.0,0.1,13.95,17.32
2018-10-04 00:55:32,-1.0,0.1,13.82,16.86
2018-10-04 01:10:32,-1.0,0.1,13.44,16.81
2018-10-04 01:25:32,-1.0,0.1,13.82,16.34
2018-10-04 01:40:32,-1.0,0.1,13.95,16.19
2018-10-04 01:55:32,-1.0,0.1,13.95,16.03
2018-10-04 02:10:32,-1.0,0.1,13.82,15.87
2018-10-04 02:25:32,-1.0,0.1,14.08,16.19
2018-10-04 02:40:32,-1.0,0.1,13.57,16.24
2018-10-04 02:55:32,-1.0,0.1,13.57,16.03
2018-10-04 03:10:32,-1.0,0.1,13.7,16.34
2018-10-04 03:25:32,-1.0,0.1,13.95,16.34
2018-10-04 03:40:32,-1.0,0.1,13.57,16.29
2018-10-04 03:55:32,-1.0,0.1,13.44,15.87
2018-10-04 04:10:32,-1.0,0.1,13.82,15.61
2018-10-04 04:25:32,-1.0,0.1,13.82,15.66
2018-10-04 04:40:32,-1.0,0.1,13.95,15.72
2018-10-04 04:55:32,-1.0,0.1,13.57,15.35
2018-10-04 05:10:32,-1.0,0.1,13.7,15.35
2018-10-04 05:25:32,-1.0,0.1,13.95,15.08
2018-10-04 05:40:32,-1.0,0.1,13.44,14.92
2018-10-04 05:55:32,-1.0,0.1,13.82,14.81
2018-10-04 06:10:32,-1.0,0.1,13.57,14.87
2018-10-04 06:25:32,-1.0,0.32,13.95,14.87
2018-10-04 06:40:32,-1.0,1.46,13.82,15.08
2018-10-04 06:55:32,-1.0,3.16,13.44,15.4
2018-10-04 07:10:32,-1.0,4.55,13.95,15.93
2018-10-04 07:25:32,-1.0,5.56,13.57,16.34
2018-10-04 07:40:32,-1.0,6.36,13.82,16.86
2018-10-04 07:55:32,-1.0,6.99,13.95,17.88
2018-10-04 08:10:32,-1.0,7.46,13.44,18.74
2018-10-04 08:25:32,-1.0,7.84,13.7,19.87
2018-10-04 08:40:32,-1.0,7.99,13.57,20.64
2018-10-04 08:55:32,-1.0,8.0,13.7,22.16
2018-10-04 09:10:32,-1.0,8.6,13.82,23.14
2018-10-04 09:25:32,-1.0,9.13,13.82,24.02
2018-10-04 09:40:32,-1.0,8.96,13.44,25.2
2018-10-04 09:55:32,-1.0,9.26,13.7,25.74
2018-10-04 10:10:32,-1.0,20.25,13.82,26.69
2018-10-04 10:25:32,-1.0,19.66,13.7,29.17
2018-10-04 10:40:32,-1.0,10.18,13.44,28.42
2018-10-04 10:55:32,-1.0,10.69,13.95,28.38
2018-10-04 11:10:32,-1.0,15.38,13.82,28.69
2018-10-04 11:25:32,-1.0,36.33,13.7,29.13
2018-10-04 11:40:32,-1.0,10.65,13.95,28.77
2018-10-04 11:55:32,-1.0,10.68,13.7,29.04
2018-10-04 12:10:32,-1.0,21.82,13.82,30.06
2018-10-04 12:25:32,-1.0,14.43,13.95,29.44
2018-10-04 12:40:32,-1.0,16.85,13.57,30.5
2018-10-04 12:55:32,-1.0,70.55,13.7,35.09
2018-10-04 13:10:32,-1.0,46.45,13.57,32.44
2018-10-04 13:25:32,-1.0,103.17,13.44,35.31
2018-10-04 13:40:32,-1.0,119.6,13.7,42.97
2018-10-04 13:55:32,-1.0,116.14,13.82,46.09
2018-10-04 14:10:32,-1.0,111.82,13.95,47.58
2018-10-04 14:25:32,-1.0,106.85,13.7,47.47
2018-10-04 14:40:32,-1.0,101.42,13.7,47.13
2018-10-04 14:55:32,-1.0,95.72,14.08,46.69
2018-10-04 15:10:32,-1.0,89.25,13.95,46.52
2018-10-04 15:25:32,-1.0,83.58,13.82,44.9
2018-10-04 15:40:32,-1.0,77.54,14.08,45.49
2018-10-04 15:55:32,-1.0,72.29,13.7,44.53
2018-10-04 16:10:32,-1.0,65.78,13.7,43.18
2018-10-04 16:25:32,-1.0,56.77,13.95,42.21
2018-10-04 16:40:32,-1.0,50.11,13.7,41.02
2018-10-04 16:55:32,-1.0,42.15,13.95,39.99
2018-10-04 17:10:32,-1.0,33.42,13.82,37.89
2018-10-04 17:25:32,-1.0,24.13,14.08,36.96
2018-10-04 17:40:32,-1.0,10.61,13.7,33.78
2018-10-04 17:55:32,-1.0,5.35,13.82,29.04
2018-10-04 18:10:32,-1.0,0.95,13.7,23.14
2018-10-04 18:25:32,-1.0,0.1,13.82,23.24
2018-10-04 18:40:32,-1.0,0.1,13.95,22.07
2018-10-04 18:55:32,-1.0,0.1,13.82,21.6
2018-10-04 19:10:32,-1.0,0.1,13.82,21.55
2018-10-04 19:25:32,-1.0,0.1,13.95,20.79
2018-10-04 19:40:32,-1.0,0.1,13.7,20.59
2018-10-04 19:55:32,-1.0,0.1,13.82,20.55
2018-10-04 20:10:32,-1.0,0.1,13.95,20.59
2018-10-04 20:25:32,-1.0,0.1,13.7,20.21
2018-10-04 20:40:32,-1.0,0.1,13.82,19.18
2018-10-04 20:55:32,-1.0,0.1,13.7,19.08
2018-10-04 21:10:32,-1.0,0.1,13.82,18.88
2018-10-04 21:25:32,-1.0,0.1,13.7,19.28
2018-10-04 21:40:32,-1.0,0.1,13.95,19.03
2018-10-04 21:55:32,-1.0,0.1,13.82,18.34
2018-10-04 22:10:32,-1.0,0.1,13.82,18.44
2018-10-04 22:25:32,-1.0,0.1,13.7,18.08
2018-10-04 22:40:32,-1.0,0.1,13.7,17.68
2018-10-04 22:55:32,-1.0,0.1,13.82,17.98
2018-10-04 23:10:32,-1.0,0.1,13.95,17.17
2018-10-04 23:25:32,-1.0,0.1,13.82,17.32
2018-10-04 23:40:32,-1.0,0.1,13.57,16.29
2018-10-04 23:55:32,-1.0,0.1,13.82,16.5
2018-10-05 00:10:32,-1.0,0.1,13.7,16.03
2018-10-05 00:25:32,-1.0,0.1,13.57,15.56
2018-10-05 00:40:32,-1.0,0.1,13.95,16.08
2018-10-05 00:55:32,-1.0,0.1,13.57,15.61
2018-10-05 01:10:32,-1.0,0.1,13.32,15.35
2018-10-05 01:25:32,-1.0,0.1,13.95,15.13
2018-10-05 01:40:32,-1.0,0.1,13.44,15.35
2018-10-05 01:55:32,-1.0,0.1,13.82,15.19
2018-10-05 02:10:32,-1.0,0.1,13.82,15.24
2018-10-05 02:25:32,-1.0,0.1,13.82,15.19
2018-10-05 02:40:32,-1.0,0.1,13.7,15.4
2018-10-05 02:55:32,-1.0,0.1,13.7,15.4
2018-10-05 03:10:32,-1.0,0.1,13.57,15.13
2018-10-05 03:25:32,-1.0,0.1,13.57,14.87
2018-10-05 03:40:32,-1.0,0.1,13.7,14.33
2018-10-05 03:55:32,-1.0,0.1,13.95,13.89
2018-10-05 04:10:32,-1.0,0.1,13.44,14.22
2018-10-05 04:25:32,-1.0,0.1,13.7,14.22
2018-10-05 04:40:32,-1.0,0.1,13.82,14.87
2018-10-05 04:55:32,-1.0,0.1,13.7,15.03
2018-10-05 05:10:32,-1.0,0.1,13.95,15.45
2018-10-05 05:25:32,-1.0,0.1,13.44,15.66
2018-10-05 05:40:32,-1.0,0.1,13.44,15.03
2018-10-05 05:55:32,-1.0,0.1,13.82,14.49
2018-10-05 06:10:32,-1.0,0.1,13.7,14.38
2018-10-05 06:25:32,-1.0,0.22,13.57,14.11
2018-10-05 06:40:32,-1.0,1.27,13.7,14.22
2018-10-05 06:55:32,-1.0,2.94,13.82,14.54
2018-10-05 07:10:32,-1.0,4.3,13.7,15.13
2018-10-05 07:25:32,-1.0,5.3,13.82,15.87
2018-10-05 07:40:32,-1.0,6.06,13.95,16.6
2018-10-05 07:55:32,-1.0,6.65,13.57,17.63
2018-10-05 08:10:32,-1.0,7.09,13.32,18.54
2018-10-05 08:25:32,-1.0,7.49,13.57,20.35
2018-10-05 08:40:32,-1.0,7.66,13.95,21.41
2018-10-05 08:55:32,-1.0,7.86,13.44,22.54
2018-10-05 09:10:32,-1.0,8.09,13.44,23.05
2018-10-05 09:25:32,-1.0,8.76,13.32,24.43
2018-10-05 09:40:32,-1.0,8.55,13.7,25.34
2018-10-05 09:55:32,-1.0,8.78,13.82,26.1
2018-10-05 10:10:32,-1.0,17.39,13.44,26.95
2018-10-05 10:25:32,-1.0,12.57,13.44,29.22
2018-10-05 10:40:32,-1.0,10.0,13.32,28.46
2018-10-05 10:55:32,-1.0,10.23,13.57,28.46
2018-10-05 11:10:32,-1.0,18.91,13.7,28.86
2018-10-05 11:25:32,-1.0,16.51,13.7,28.82
2018-10-05 11:40:32,-1.0,10.55,13.95,29.0
2018-10-05 11:55:32,-1.0,10.62,13.95,28.91
2018-10-05 12:10:32,-1.0,18.49,13.82,30.72
2018-10-05 12:25:32,-1.0,15.58,13.44,29.57
2018-10-05 12:40:32,-1.0,14.52,13.44,30.63
2018-10-05 12:55:32,-1.0,21.4,13.44,33.42
2018-10-05 13:10:32,-1.0,12.18,13.7,31.91
2018-10-05 13:25:32,-1.0,68.89,13.57,34.91
2018-10-05 13:40:32,-1.0,117.27,13.7,41.21
2018-10-05 13:55:32,-1.0,113.94,13.95,44.59
2018-10-05 14:10:32,-1.0,109.78,13.44,45.55
2018-10-05 14:25:32,-1.0,104.97,13.95,45.98
2018-10-05 14:40:32,-1.0,99.72,13.7,45.82
2018-10-05 14:55:32,-1.0,86.01,13.82,45.17
2018-10-05 15:10:32,-1.0,84.78,13.95,44.8
2018-10-05 15:25:32,-1.0,81.28,13.82,43.59
2018-10-05 15:40:32,-1.0,76.53,13.82,42.82
2018-10-05 15:55:32,-1.0,70.98,13.57,42.16
2018-10-05 16:10:32,-1.0,64.33,14.08,41.26
2018-10-05 16:25:32,-1.0,56.77,13.7,39.51
2018-10-05 16:40:32,-1.0,48.62,13.95,38.74
2018-10-05 16:55:32,-1.0,41.09,14.08,37.99
2018-10-05 17:10:32,-1.0,32.45,14.08,35.72
2018-10-05 17:25:32,-1.0,22.27,13.82,33.56
2018-10-05 17:40:32,-1.0,10.94,13.95,31.51
2018-10-05 17:55:32,-1.0,4.34,13.95,27.58
2018-10-05 18:10:32,-1.0,0.73,13.7,22.4
2018-10-05 18:25:32,-1.0,0.1,13.7,20.88
2018-10-05 18:40:32,-1.0,0.1,13.7,19.92
2018-10-05 18:55:32,-1.0,0.1,13.57,19.67
2018-10-05 19:10:32,-1.0,0.1,13.7,19.28
2018-10-05 19:25:32,-1.0,0.1,13.82,19.38
2018-10-05 19:40:32,-1.0,0.1,13.82,19.13
2018-10-05 19:55:32,-1.0,0.1,14.08,18.83
2018-10-05 20:10:32,-1.0,0.1,14.08,19.08
2018-10-05 20:25:32,-1.0,0.1,13.57,18.78
2018-10-05 20:40:32,-1.0,0.1,13.57,18.83
2018-10-05 20:55:32,-1.0,0.1,13.95,18.34
2018-10-05 21:10:32,-1.0,0.1,14.08,18.59
2018-10-05 21:25:32,-1.0,0.1,13.57,18.13
2018-10-05 21:40:32,-1.0,0.1,13.82,18.24
2018-10-05 21:55:32,-1.0,0.1,13.44,17.93
2018-10-05 22:10:32,-1.0,0.1,13.82,17.83
2018-10-05 22:25:32,-1.0,0.1,13.95,17.73
2018-10-05 22:40:32,-1.0,0.1,13.82,17.38
2018-10-05 22:55:32,-1.0,0.1,13.82,17.48
2018-10-05 23:10:32,-1.0,0.1,13.57,17.38
2018-10-05 23:25:32,-1.0,0.1,13.7,17.38
2018-10-05 23:40:32,-1.0,0.1,13.57,17.22
2018-10-05 23:55:32,-1.0,0.1,13.57,17.12
2018-10-06 00:10:32,-1.0,0.1,13.82,16.86
2018-10-06 00:25:32,-1.0,0.1,13.82,16.71
2018-10-06 00:40:32,-1.0,0.1,13.82,16.86
2018-10-06 00:55:32,-1.0,0.1,13.57,17.02
2018-10-06 01:10:32,-1.0,0.1,13.57,16.91
2018-10-06 01:25:32,-1.0,0.1,13.82,17.07
2018-10-06 01:40:32,-1.0,0.1,13.95,17.12
2018-10-06 01:55:32,-1.0,0.1,13.82,17.02
2018-10-06 02:10:32,-1.0,0.1,13.7,17.07
2018-10-06 02:25:32,-1.0,0.1,13.82,16.97
2018-10-06 02:40:32,-1.0,0.1,13.7,16.55
2018-10-06 02:55:32,-1.0,0.1,13.95,16.71
2018-10-06 03:10:32,-1.0,0.1,13.82,16.66
2018-10-06 03:25:32,-1.0,0.1,13.82,16.6
2018-10-06 03:40:32,-1.0,0.1,13.44,16.34
2018-10-06 03:55:32,-1.0,0.1,13.32,16.19
2018-10-06 04:10:32,-1.0,0.1,13.44,16.24
2018-10-06 04:25:32,-1.0,0.1,13.95,16.08
2018-10-06 04:40:32,-1.0,0.1,13.44,16.14
2018-10-06 04:55:32,-1.0,0.1,13.95,16.45
2018-10-06 05:10:32,-1.0,0.1,13.7,16.19
2018-10-06 05:25:32,-1.0,0.1,13.57,16.4
2018-10-06 05:40:32,-1.0,0.1,13.82,16.03
2018-10-06 05:55:32,-1.0,0.1,13.7,16.14
2018-10-06 06:10:32,-1.0,0.1,13.82,16.4
2018-10-06 06:25:32,-1.0,0.17,13.44,16.55
2018-10-06 06:40:32,-1.0,1.16,13.57,16.55
2018-10-06 06:55:32,-1.0,2.85,13.82,17.38
2018-10-06 07:10:32,-1.0,4.44,13.57,17.88
2018-10-06 07:25:32,-1.0,5.88,13.44,18.74
2018-10-06 07:40:32,-1.0,7.55,13.7,20.11
2018-10-06 07:55:32,-1.0,7.77,13.57,20.98
2018-10-06 08:10:32,-1.0,9.72,13.7,22.3
2018-10-06 08:25:32,-1.0,17.39,13.82,24.89
2018-10-06 08:40:32,-1.0,15.1,13.82,24.61
2018-10-06 08:55:32,-1.0,10.45,13.82,24.48
2018-10-06 09:10:32,-1.0,9.96,13.7,24.61
2018-10-06 09:25:32,-1.0,12.04,13.44,24.89
2018-10-06 09:40:32,-1.0,10.16,13.82,25.29
2018-10-06 09:55:32,-1.0,11.19,13.7,25.83
2018-10-06 10:10:32,-1.0,19.81,13.95,27.36
2018-10-06 10:25:32,-1.0,38.44,13.7,31.51
2018-10-06 10:40:32,-1.0,32.64,13.57,31.69
2018-10-06 10:55:32,-1.0,25.76,13.95,30.85
2018-10-06 11:10:32,-1.0,22.87,13.7,30.28
2018-10-06 11:25:32,-1.0,15.81,13.95,29.04
2018-10-06 11:40:32,-1.0,15.03,13.44,29.04
2018-10-06 11:55:32,-1.0,13.69,13.7,29.26
2018-10-06 12:10:32,-1.0,18.37,13.57,30.19
2018-10-06 12:25:32,-1.0,15.69,13.57,30.5
2018-10-06 12:40:32,-1.0,19.77,13.95,30.85
2018-10-06 12:55:32,-1.0,34.55,13.95,34.01
2018-10-06 13:10:32,-1.0,17.5,13.57,31.82
2018-10-06 13:25:32,-1.0,76.04,13.7,36.82
2018-10-06 13:40:32,-1.0,95.72,13.57,38.46
2018-10-06 13:55:32,-1.0,108.79,13.7,42.72
2018-10-06 14:10:32,-1.0,104.06,13.82,43.9
2018-10-06 14:25:32,-1.0,100.56,13.82,43.9
2018-10-06 14:40:32,-1.0,94.96,13.57,43.75
2018-10-06 14:55:32,-1.0,89.93,13.7,43.39
2018-10-06 15:10:32,-1.0,84.78,14.08,42.82
2018-10-06 15:25:32,-1.0,78.57,13.82,43.18
2018-10-06 15:40:32,-1.0,72.74,13.82,42.47
2018-10-06 15:55:32,-1.0,63.28,13.95,41.46
2018-10-06 16:10:32,-1.0,57.34,14.08,39.85
2018-10-06 16:25:32,-1.0,49.04,13.7,36.78
2018-10-06 16:40:32,-1.0,44.12,13.82,37.1
2018-10-06 16:55:32,-1.0,32.26,13.82,35.4
2018-10-06 17:10:32,-1.0,25.23,13.7,32.0
2018-10-06 17:25:32,-1.0,16.05,13.95,29.97
2018-10-06 17:40:32,-1.0,8.21,13.82,27.8
2018-10-06 17:55:32,-1.0,2.64,13.7,25.07
2018-10-06 18:10:32,-1.0,0.64,14.08,23.56
2018-10-06 18:25:32,-1.0,0.1,13.95,22.86
2018-10-06 18:40:32,-1.0,0.1,14.2,22.58
2018-10-06 18:55:32,-1.0,0.1,13.7,22.21
2018-10-06 19:10:32,-1.0,0.1,13.95,21.83
2018-10-06 19:25:32,-1.0,0.1,13.82,21.5
2018-10-06 19:40:32,-1.0,0.1,13.82,20.98
2018-10-06 19:55:32,-1.0,0.1,13.82,20.59
2018-10-06 20:10:32,-1.0,0.1,13.95,20.74
2018-10-06 20:25:32,-1.0,0.1,13.7,20.3
2018-10-06 20:40:32,-1.0,0.1,13.7,20.4
2018-10-06 20:55:32,-1.0,0.1,13.7,19.96
2018-10-06 21:10:32,-1.0,0.1,13.82,20.06
2018-10-06 21:25:32,-1.0,0.1,14.08,20.35
2018-10-06 21:40:32,-1.0,0.1,13.7,20.26
2018-10-06 21:55:32,-1.0,0.1,13.57,19.57
2018-10-06 22:10:32,-1.0,0.1,13.7,19.33
2018-10-06 22:25:32,-1.0,0.1,13.57,19.18
2018-10-06 22:40:32,-1.0,0.1,13.57,19.33
2018-10-06 22:55:32,-1.0,0.1,13.7,19.57
2018-10-06 23:10:32,-1.0,0.1,13.82,19.28
2018-10-06 23:25:32,-1.0,0.1,13.82,19.18
2018-10-06 23:40:32,-1.0,0.1,13.57,17.32
2018-10-06 23:55:32,-1.0,0.1,13.95,17.43
2018-10-07 00:10:32,-1.0,0.1,13.82,16.81
2018-10-07 00:25:32,-1.0,0.1,13.95,16.66
2018-10-07 00:40:32,-1.0,0.1,13.57,16.08
2018-10-07 00:55:32,-1.0,0.1,13.7,17.12
2018-10-07 01:10:32,-1.0,0.1,14.08,17.73
2018-10-07 01:25:32,-1.0,0.1,13.7,18.08
2018-10-07 01:40:32,-1.0,0.1,13.57,18.69
2018-10-07 01:55:32,-1.0,0.1,13.95,18.59
2018-10-07 02:10:32,-1.0,0.1,13.82,18.24
2018-10-07 02:25:32,-1.0,0.1,13.82,18.03
2018-10-07 02:40:32,-1.0,0.1,13.95,16.03
2018-10-07 02:55:32,-1.0,0.1,13.82,15.87
2018-10-07 03:10:32,-1.0,0.1,13.95,16.71
2018-10-07 03:25:32,-1.0,0.1,13.95,16.4
2018-10-07 03:40:32,-1.0,0.1,13.95,15.13
2018-10-07 03:55:32,-1.0,0.1,13.57,16.08
2018-10-07 04:10:32,-1.0,0.1,13.82,15.72
2018-10-07 04:25:32,-1.0,0.1,13.7,15.56
2018-10-07 04:40:32,-1.0,0.1,13.7,15.29
2018-10-07 04:55:32,-1.0,0.1,13.44,14.33
2018-10-07 05:10:32,-1.0,0.1,13.57,14.05
2018-10-07 05:25:32,-1.0,0.1,13.82,15.29
2018-10-07 05:40:32,-1.0,0.1,13.95,15.66
2018-10-07 05:55:32,-1.0,0.1,13.95,15.24
2018-10-07 06:10:32,-1.0,0.1,13.95,15.77
2018-10-07 06:25:32,-1.0,0.14,13.44,16.19
2018-10-07 06:40:32,-1.0,1.06,13.44,16.19
2018-10-07 06:55:32,-1.0,2.77,13.95,16.55
2018-10-07 07:10:32,-1.0,4.4,13.44,16.6
2018-10-07 07:25:32,-1.0,5.65,13.57,17.12
2018-10-07 07:40:32,-1.0,6.6,13.44,17.73
2018-10-07 07:55:32,-1.0,7.29,13.32,18.08
2018-10-07 08:10:32,-1.0,7.83,13.82,18.74
2018-10-07 08:25:32,-1.0,8.18,13.44,19.18
2018-10-07 08:40:32,-1.0,8.52,13.82,20.06
2018-10-07 08:55:32,-1.0,9.13,13.57,20.55
2018-10-07 09:10:32,-1.0,10.27,13.7,21.64
2018-10-07 09:25:32,-1.0,11.89,13.95,22.02
2018-10-07 09:40:32,-1.0,10.45,13.82,22.58
2018-10-07 09:55:32,-1.0,11.06,13.57,23.33
2018-10-07 10:10:32,-1.0,31.36,13.57,24.34
2018-10-07 10:25:32,-1.0,20.75,13.7,26.78
2018-10-07 10:40:32,-1.0,15.01,13.7,26.69
2018-10-07 10:55:32,-1.0,11.84,13.44,27.09
2018-10-07 11:10:32,-1.0,11.31,13.57,28.24
2018-10-07 11:25:32,-1.0,14.23,13.44,28.55
2018-10-07 11:40:32,-1.0,14.85,13.95,28.73
2018-10-07 11:55:32,-1.0,11.37,13.7,29.17
2018-10-07 12:10:32,-1.0,11.89,13.7,29.75
2018-10-07 12:25:32,-1.0,14.07,13.44,30.36
2018-10-07 12:40:32,-1.0,12.15,13.7,30.81
2018-10-07 12:55:32,-1.0,87.93,13.57,35.68
2018-10-07 13:10:32,-1.0,12.1,13.7,32.93
2018-10-07 13:25:32,-1.0,59.4,13.82,37.8
2018-10-07 13:40:32,-1.0,37.42,13.95,37.66
2018-10-07 13:55:32,-1.0,112.87,13.95,39.8
2018-10-07 14:10:32,-1.0,108.79,13.95,40.18
2018-10-07 14:25:32,-1.0,104.97,13.82,38.74
2018-10-07 14:40:32,-1.0,99.72,13.82,38.84
2018-10-07 14:55:32,-1.0,93.47,13.82,37.57
2018-10-07 15:10:32,-1.0,86.64,13.82,37.57
2018-10-07 15:25:32,-1.0,81.28,14.08,35.63
2018-10-07 15:40:32,-1.0,75.55,13.57,34.59
2018-10-07 15:55:32,-1.0,70.55,13.7,33.83
2018-10-07 16:10:32,-1.0,63.63,13.82,33.56
2018-10-07 16:25:32,-1.0,55.68,13.7,32.93
2018-10-07 16:40:32,-1.0,48.62,13.57,32.76
2018-10-07 16:55:32,-1.0,40.79,13.82,30.36
2018-10-07 17:10:32,-1.0,32.36,13.7,30.01
2018-10-07 17:25:32,-1.0,18.18,13.82,27.89
2018-10-07 17:40:32,-1.0,13.38,13.7,26.06
2018-10-07 17:55:32,-1.0,2.2,13.82,21.74
2018-10-07 18:10:32,-1.0,0.47,13.82,19.96
2018-10-07 18:25:32,-1.0,0.1,13.57,19.57
2018-10-07 18:40:32,-1.0,0.1,13.82,19.48
2018-10-07 18:55:32,-1.0,0.1,13.44,18.93
2018-10-07 19:10:32,-1.0,0.1,13.57,18.54
2018-10-07 19:25:32,-1.0,0.1,13.44,18.39
2018-10-07 19:40:32,-1.0,0.1,13.82,18.44
2018-10-07 19:55:32,-1.0,0.1,13.7,18.29
2018-10-07 20:10:32,-1.0,0.1,13.82,17.73
2018-10-07 20:25:32,-1.0,0.1,13.57,17.63
2018-10-07 20:40:32,-1.0,0.1,13.82,17.43
2018-10-07 20:55:32,-1.0,0.1,13.57,16.97
2018-10-07 21:10:32,-1.0,0.1,13.82,17.17
2018-10-07 21:25:32,-1.0,0.1,13.7,17.22
2018-10-07 21:40:32,-1.0,0.1,13.32,17.07
2018-10-07 21:55:32,-1.0,0.1,13.95,17.07
2018-10-07 22:10:32,-1.0,0.1,13.95,17.07
2018-10-07 22:25:32,-1.0,0.1,13.44,17.17
2018-10-07 22:40:32,-1.0,0.1,13.82,17.27
2018-10-07 22:55:32,-1.0,0.1,13.32,17.02
2018-10-07 23:10:32,-1.0,0.1,13.44,16.5
2018-10-07 23:25:32,-1.0,0.1,13.95,16.29
2018-10-07 23:40:32,-1.0,0.1,13.82,15.82
2018-10-07 23:55:32,-1.0,0.1,13.95,15.19
2018-10-08 00:10:32,-1.0,0.1,13.32,14.43
2018-10-08 00:25:32,-1.0,0.1,13.7,14.05
2018-10-08 00:40:32,-1.0,0.1,13.95,14.65
2018-10-08 00:55:32,-1.0,0.1,13.7,15.03
2018-10-08 01:10:32,-1.0,0.1,13.82,15.29
2018-10-08 01:25:32,-1.0,0.1,13.7,14.27
2018-10-08 01:40:32,-1.0,0.1,13.82,14.54
2018-10-08 01:55:32,-1.0,0.1,13.32,13.89
2018-10-08 02:10:32,-1.0,0.1,13.7,13.28
2018-10-08 02:25:32,-1.0,0.1,13.44,14.11
2018-10-08 02:40:32,-1.0,0.1,13.95,12.16
2018-10-08 02:55:32,-1.0,0.1,13.7,12.11
2018-10-08 03:10:32,-1.0,0.1,13.57,11.25
2018-10-08 03:25:32,-1.0,0.1,13.32,11.36
2018-10-08 03:40:32,-1.0,0.1,13.32,11.48
2018-10-08 03:55:32,-1.0,0.1,13.57,10.78
2018-10-08 04:10:32,-1.0,0.1,13.44,11.88
2018-10-08 04:25:32,-1.0,0.1,13.7,12.28
2018-10-08 04:40:32,-1.0,0.1,13.44,11.54
2018-10-08 04:55:32,-1.0,0.1,13.57,10.66
2018-10-08 05:10:32,-1.0,0.1,13.32,9.66
2018-10-08 05:25:32,-1.0,0.1,13.44,10.61
2018-10-08 05:40:32,-1.0,0.1,13.7,11.42
2018-10-08 05:55:32,-1.0,0.1,13.44,12.16
2018-10-08 06:10:32,-1.0,0.1,13.7,12.62
2018-10-08 06:25:32,-1.0,0.1,13.82,12.05
2018-10-08 06:40:32,-1.0,1.02,13.57,13.06
2018-10-08 06:55:32,-1.0,2.65,13.57,13.34
2018-10-08 07:10:32,-1.0,4.09,13.32,13.73
2018-10-08 07:25:32,-1.0,5.15,13.57,13.78
2018-10-08 07:40:32,-1.0,6.0,13.57,13.62
2018-10-08 07:55:32,-1.0,6.55,13.7,14.0
2018-10-08 08:10:32,-1.0,6.94,13.57,15.4
2018-10-08 08:25:32,-1.0,7.27,13.57,16.71
2018-10-08 08:40:32,-1.0,7.53,13.32,17.68
2018-10-08 08:55:32,-1.0,7.74,13.57,18.08
2018-10-08 09:10:32,-1.0,7.9,13.44,18.44
2018-10-08 09:25:32,-1.0,9.35,13.57,19.28
2018-10-08 09:40:32,-1.0,8.32,13.32,20.5
2018-10-08 09:55:32,-1.0,8.48,13.7,21.17
2018-10-08 10:10:32,-1.0,47.02,13.7,22.44
2018-10-08 10:25:32,-1.0,19.24,13.82,24.57
2018-10-08 10:40:32,-1.0,12.11,13.7,24.38
2018-10-08 10:55:32,-1.0,9.87,13.7,24.61
2018-10-08 11:10:32,-1.0,9.83,13.57,25.02
2018-10-08 11:25:32,-1.0,10.91,13.32,25.43
2018-10-08 11:40:32,-1.0,9.95,13.7,25.52
2018-10-08 11:55:32,-1.0,10.03,13.44,25.79
2018-10-08 12:10:32,-1.0,14.43,13.82,26.86
2018-10-08 12:25:32,-1.0,22.0,13.7,28.24
2018-10-08 12:40:32,-1.0,11.47,13.7,27.93
2018-10-08 12:55:32,-1.0,49.25,13.57,30.01
2018-10-08 13:10:32,-1.0,13.34,13.7,31.82
2018-10-08 13:25:32,-1.0,118.42,13.95,38.46
2018-10-08 13:40:32,-1.0,80.18,13.7,38.13
2018-10-08 13:55:32,-1.0,100.56,13.7,39.12
2018-10-08 14:10:32,-1.0,109.78,13.7,40.28
2018-10-08 14:25:32,-1.0,104.97,13.57,40.38
2018-10-08 14:40:32,-1.0,98.9,13.57,39.85
2018-10-08 14:55:32,-1.0,93.47,13.44,39.7
2018-10-08 15:10:32,-1.0,87.28,13.7,38.55
2018-10-08 15:25:32,-1.0,81.85,13.57,38.55
2018-10-08 15:40:32,-1.0,76.53,13.82,38.41
2018-10-08 15:55:32,-1.0,70.98,13.7,37.01
2018-10-08 16:10:32,-1.0,63.98,13.7,36.73
2018-10-08 16:25:32,-1.0,56.22,13.7,35.04
2018-10-08 16:40:32,-1.0,48.41,13.7,33.69
2018-10-08 16:55:32,-1.0,40.5,13.57,32.09
2018-10-08 17:10:32,-1.0,31.63,13.82,30.76
2018-10-08 17:25:32,-1.0,18.78,13.95,28.33
2018-10-08 17:40:32,-1.0,11.54,14.08,26.19
2018-10-08 17:55:32,-1.0,2.13,13.7,21.83
2018-10-08 18:10:32,-1.0,0.5,13.82,19.87
2018-10-08 18:25:32,-1.0,0.1,13.57,19.18
2018-10-08 18:40:32,-1.0,0.1,13.44,18.78
2018-10-08 18:55:32,-1.0,0.1,13.82,18.69
2018-10-08 19:10:32,-1.0,0.1,13.82,18.39
2018-10-08 19:25:32,-1.0,0.1,13.7,17.98
2018-10-08 19:40:32,-1.0,0.1,13.44,17.73
2018-10-08 19:55:32,-1.0,0.1,13.82,17.38
2018-10-08 20:10:32,-1.0,0.1,13.7,17.02
2018-10-08 20:25:32,-1.0,0.1,13.82,16.76
2018-10-08 20:40:32,-1.0,0.1,13.44,16.71
2018-10-08 20:55:32,-1.0,0.1,13.44,16.29
2018-10-08 21:10:32,-1.0,0.1,13.44,15.87
2018-10-08 21:25:32,-1.0,0.1,13.7,15.29
2018-10-08 21:40:32,-1.0,0.1,13.7,15.82
2018-10-08 21:55:32,-1.0,0.1,13.95,16.19
2018-10-08 22:10:32,-1.0,0.1,13.32,15.98
2018-10-08 22:25:32,-1.0,0.1,13.95,16.19
2018-10-08 22:40:32,-1.0,0.1,13.7,16.24
2018-10-08 22:55:32,-1.0,0.1,13.44,15.87
2018-10-08 23:10:32,-1.0,0.1,13.57,15.61
2018-10-08 23:25:32,-1.0,0.1,13.57,15.45
2018-10-08 23:40:32,-1.0,0.1,13.95,15.08
2018-10-08 23:55:32,-1.0,0.1,13.7,14.92
2018-10-09 00:10:32,-1.0,0.1,13.7,14.49
2018-10-09 00:25:32,-1.0,0.1,13.44,14.05
2018-10-09 00:40:32,-1.0,0.1,13.7,13.4
2018-10-09 00:55:32,-1.0,0.1,13.57,13.17
2018-10-09 01:10:32,-1.0,0.1,13.82,13.17
2018-10-09 01:25:32,-1.0,0.1,13.7,14.27
2018-10-09 01:40:32,-1.0,0.1,13.82,13.95
2018-10-09 01:55:32,-1.0,0.1,13.95,12.73
2018-10-09 02:10:32,-1.0,0.1,13.95,12.45
2018-10-09 02:25:32,-1.0,0.1,13.82,12.95
2018-10-09 02:40:32,-1.0,0.1,13.7,12.56
2018-10-09 02:55:32,-1.0,0.1,13.44,12.05
2018-10-09 03:10:32,-1.0,0.1,13.32,12.16
2018-10-09 03:25:32,-1.0,0.1,13.44,12.11
2018-10-09 03:40:32,-1.0,0.1,13.44,12.11
2018-10-09 03:55:32,-1.0,0.1,13.44,11.82
2018-10-09 04:10:32,-1.0,0.1,13.44,11.65
2018-10-09 04:25:32,-1.0,0.1,13.57,11.54
2018-10-09 04:40:32,-1.0,0.1,13.19,11.59
2018-10-09 04:55:32,-1.0,0.1,13.57,11.59
2018-10-09 05:10:32,-1.0,0.1,13.7,11.25
2018-10-09 05:25:32,-1.0,0.1,13.57,11.88
2018-10-09 05:40:32,-1.0,0.1,13.32,11.3
2018-10-09 05:55:32,-1.0,0.1,13.44,10.49
2018-10-09 06:10:32,-1.0,0.1,13.7,10.43
2018-10-09 06:25:32,-1.0,0.1,13.57,11.07
2018-10-09 06:40:32,-1.0,0.88,13.44,10.61
2018-10-09 06:55:32,-1.0,2.51,13.82,10.9
2018-10-09 07:10:32,-1.0,4.05,13.57,11.48
2018-10-09 07:25:32,-1.0,5.21,13.57,11.94
2018-10-09 07:40:32,-1.0,6.05,13.32,12.5
2018-10-09 07:55:32,-1.0,6.65,13.7,13.17
2018-10-09 08:10:32,-1.0,7.11,13.82,14.05
2018-10-09 08:25:32,-1.0,7.44,13.82,14.81
2018-10-09 08:40:32,-1.0,7.75,13.82,16.03
2018-10-09 08:55:32,-1.0,8.02,13.7,16.76
2018-10-09 09:10:32,-1.0,8.21,13.57,17.78
2018-10-09 09:25:32,-1.0,8.79,13.7,18.83
2018-10-09 09:40:32,-1.0,9.08,13.57,20.26
2018-10-09 09:55:32,-1.0,8.9,13.7,20.69
2018-10-09 10:10:32,-1.0,18.37,13.57,22.3
2018-10-09 10:25:32,-1.0,14.87,13.82,23.93
2018-10-09 10:40:32,-1.0,14.5,13.57,23.74
2018-10-09 10:55:32,-1.0,11.1,13.7,23.93
2018-10-09 11:10:32,-1.0,10.45,13.57,24.06
2018-10-09 11:25:32,-1.0,10.5,13.57,24.93
2018-10-09 11:40:32,-1.0,10.97,13.57,24.98
2018-10-09 11:55:32,-1.0,10.8,13.32,25.43
2018-10-09 12:10:32,-1.0,13.74,13.32,25.88
2018-10-09 12:25:32,-1.0,31.1,13.44,27.44
2018-10-09 12:40:32,-1.0,12.0,13.7,27.13
2018-10-09 12:55:32,-1.0,16.17,13.32,27.53
2018-10-09 13:10:32,-1.0,13.62,13.82,31.25
2018-10-09 13:25:32,-1.0,116.14,13.7,35.0
2018-10-09 13:40:32,-1.0,106.85,13.32,38.65
2018-10-09 13:55:32,-1.0,89.25,13.44,38.84
2018-10-09 14:10:32,-1.0,105.9,13.95,41.76
2018-10-09 14:25:32,-1.0,101.42,13.95,39.85
2018-10-09 14:40:32,-1.0,96.5,13.82,39.32
2018-10-09 14:55:32,-1.0,91.31,13.57,37.71
2018-10-09 15:10:32,-1.0,85.39,13.44,37.15
2018-10-09 15:25:32,-1.0,80.18,13.82,37.89
2018-10-09 15:40:32,-1.0,74.59,13.95,36.23
2018-10-09 15:55:32,-1.0,68.89,13.57,35.77
2018-10-09 16:10:32,-1.0,61.28,13.57,34.68
2018-10-09 16:25:32,-1.0,53.61,14.08,33.74
2018-10-09 16:40:32,-1.0,45.89,13.95,33.78
2018-10-09 16:55:32,-1.0,15.4,13.82,27.13
2018-10-09 17:10:32,-1.0,27.56,13.57,26.64
2018-10-09 17:25:32,-1.0,16.49,13.7,27.62
2018-10-09 17:40:32,-1.0,9.0,13.7,25.7
2018-10-09 17:55:32,-1.0,1.91,13.44,21.97
2018-10-09 18:10:32,-1.0,0.41,13.82,20.55
2018-10-09 18:25:32,-1.0,0.1,13.82,19.77
2018-10-09 18:40:32,-1.0,0.1,13.44,19.08
2018-10-09 18:55:32,-1.0,0.1,13.82,17.78
2018-10-09 19:10:32,-1.0,0.1,13.82,17.78
2018-10-09 19:25:32,-1.0,0.1,13.95,17.68
2018-10-09 19:40:32,-1.0,0.1,13.44,17.07
2018-10-09 19:55:32,-1.0,0.1,13.7,16.71
2018-10-09 20:10:32,-1.0,0.1,13.82,16.24
2018-10-09 20:25:32,-1.0,0.1,13.7,15.98
2018-10-09 20:40:32,-1.0,0.1,13.82,16.08
2018-10-09 20:55:32,-1.0,0.1,13.82,15.5
2018-10-09 21:10:32,-1.0,0.1,13.32,15.35
2018-10-09 21:25:32,-1.0,0.1,13.57,15.72
2018-10-09 21:40:32,-1.0,0.1,13.7,15.5
2018-10-09 21:55:32,-1.0,0.1,13.7,15.61
2018-10-09 22:10:32,-1.0,0.1,13.7,16.4
2018-10-09 22:25:32,-1.0,0.1,13.57,16.4
2018-10-09 22:40:32,-1.0,0.1,13.57,16.5
2018-10-09 22:55:32,-1.0,0.1,13.95,17.02
2018-10-09 23:10:32,-1.0,0.1,13.95,17.22
2018-10-09 23:25:32,-1.0,0.1,13.32,16.71
2018-10-09 23:40:32,-1.0,0.1,13.82,16.29
2018-10-09 23:55:32,-1.0,0.1,13.32,16.6
2018-10-10 00:10:32,-1.0,0.1,13.7,15.72
2018-10-10 00:25:32,-1.0,0.1,13.7,16.76
2018-10-10 00:40:32,-1.0,0.1,13.7,17.32
2018-10-10 00:55:32,-1.0,0.1,13.57,17.63
2018-10-10 01:10:32,-1.0,0.1,13.95,17.73
2018-10-10 01:25:32,-1.0,0.1,13.82,17.63
2018-10-10 01:40:32,-1.0,0.1,13.44,17.83
2018-10-10 01:55:32,-1.0,0.1,13.57,17.93
2018-10-10 02:10:32,-1.0,0.1,13.82,17.88
2018-10-10 02:25:32,-1.0,0.1,13.44,18.34
2018-10-10 02:40:32,-1.0,0.1,13.57,18.44
2018-10-10 02:55:32,-1.0,0.1,13.57,18.49
2018-10-10 03:10:32,-1.0,0.1,13.32,18.49
2018-10-10 03:25:32,-1.0,0.1,13.57,18.64
2018-10-10 03:40:32,-1.0,0.1,13.44,18.64
2018-10-10 03:55:32,-1.0,0.1,13.44,18.69
2018-10-10 04:10:32,-1.0,0.1,13.7,18.88
2018-10-10 04:25:32,-1.0,0.1,13.44,18.93
2018-10-10 04:40:32,-1.0,0.1,13.82,19.03
2018-10-10 04:55:32,-1.0,0.1,13.7,19.08
2018-10-10 05:10:32,-1.0,0.1,13.44,19.18
2018-10-10 05:25:32,-1.0,0.1,13.32,19.13
2018-10-10 05:40:32,-1.0,0.1,13.57,19.03
2018-10-10 05:55:32,-1.0,0.1,13.82,18.54
2018-10-10 06:10:32,-1.0,0.1,13.95,18.19
2018-10-10 06:25:32,-1.0,0.1,13.7,18.74
2018-10-10 06:40:32,-1.0,0.48,13.82,19.18
2018-10-10 06:55:32,-1.0,1.52,13.57,19.48
2018-10-10 07:10:32,-1.0,4.03,13.95,19.53
2018-10-10 07:25:32,-1.0,6.68,13.7,19.38
2018-10-10 07:40:32,-1.0,8.1,13.57,21.22
2018-10-10 07:55:32,-1.0,8.72,13.32,21.97
2018-10-10 08:10:32,-1.0,12.86,13.32,22.96
2018-10-10 08:25:32,-1.0,13.92,13.7,24.29
2018-10-10 08:40:32,-1.0,18.06,13.95,24.93
2018-10-10 08:55:32,-1.0,19.21,13.32,25.56
2018-10-10 09:10:32,-1.0,16.82,13.82,25.25
2018-10-10 09:25:32,-1.0,28.7,13.82,26.91
2018-10-10 09:40:32,-1.0,32.55,13.57,27.89
2018-10-10 09:55:32,-1.0,38.05,13.82,29.35
2018-10-10 10:10:32,-1.0,42.0,13.7,30.41
2018-10-10 10:25:32,-1.0,45.89,13.82,30.76
2018-10-10 10:40:32,-1.0,47.22,13.7,31.51
2018-10-10 10:55:32,-1.0,47.02,13.82,32.31
2018-10-10 11:10:32,-1.0,46.83,13.7,32.0
2018-10-10 11:25:32,-1.0,49.25,13.57,32.53
2018-10-10 11:40:32,-1.0,57.34,13.82,32.89
2018-10-10 11:55:32,-1.0,59.09,13.82,33.07
2018-10-10 12:10:32,-1.0,54.37,13.82,34.27
2018-10-10 12:25:32,-1.0,45.16,13.57,34.23
2018-10-10 12:40:32,-1.0,58.79,13.82,34.27
2018-10-10 12:55:32,-1.0,46.83,13.95,34.5
2018-10-10 13:10:32,-1.0,71.41,13.82,36.64
2018-10-10 13:25:32,-1.0,156.58,13.82,40.97
2018-10-10 13:40:32,-1.0,46.07,14.08,33.96
2018-10-10 13:55:32,-1.0,44.99,13.57,34.23
2018-10-10 14:10:32,-1.0,37.42,13.82,30.76
2018-10-10 14:25:32,-1.0,41.84,13.7,31.16
2018-10-10 14:40:32,-1.0,34.23,13.7,29.83
2018-10-10 14:55:32,-1.0,37.92,13.95,31.12
2018-10-10 15:10:32,-1.0,28.33,13.7,29.53
2018-10-10 15:25:32,-1.0,19.42,14.2,28.46
2018-10-10 15:40:32,-1.0,14.58,14.08,26.69
2018-10-10 15:55:32,-1.0,14.54,13.7,26.24
2018-10-10 16:10:32,-1.0,9.63,13.82,25.74
2018-10-10 16:25:32,-1.0,9.49,13.7,25.65
2018-10-10 16:40:32,-1.0,7.73,14.2,25.43
2018-10-10 16:55:32,-1.0,8.1,14.2,24.7
2018-10-10 17:10:32,-1.0,4.93,13.7,24.29
2018-10-10 17:25:32,-1.0,1.87,13.82,23.79
2018-10-10 17:40:32,-1.0,1.22,13.95,23.56
2018-10-10 17:55:32,-1.0,0.33,13.82,23.19
2018-10-10 18:10:32,-1.0,0.1,13.7,22.96
2018-10-10 18:25:32,-1.0,0.1,13.95,22.26
2018-10-10 18:40:32,-1.0,0.1,13.57,21.03
2018-10-10 18:55:32,-1.0,0.1,13.82,20.98
2018-10-10 19:10:32,-1.0,0.1,13.95,20.88
2018-10-10 19:25:32,-1.0,0.1,13.82,20.93
2018-10-10 19:40:32,-1.0,0.1,14.08,21.07
2018-10-10 19:55:32,-1.0,0.1,13.7,21.07
2018-10-10 20:10:32,-1.0,0.1,13.95,20.88
2018-10-10 20:25:32,-1.0,0.1,13.95,20.5
2018-10-10 20:40:32,-1.0,0.1,13.7,20.74
2018-10-10 20:55:32,-1.0,0.1,13.95,20.64
2018-10-10 21:10:32,-1.0,0.1,13.57,20.4
2018-10-10 21:25:32,-1.0,0.1,14.08,19.08
2018-10-10 21:40:32,-1.0,0.1,13.95,19.57
2018-10-10 21:55:32,-1.0,0.1,13.7,20.45
2018-10-10 22:10:32,-1.0,0.1,13.82,20.79
2018-10-10 22:25:32,-1.0,0.1,14.08,20.93
2018-10-10 22:40:32,-1.0,0.1,13.57,20.98
2018-10-10 22:55:32,-1.0,0.1,14.08,21.17
2018-10-10 23:10:32,-1.0,0.1,13.82,21.22
2018-10-10 23:25:32,-1.0,0.1,13.82,21.41
2018-10-10 23:40:32,-1.0,0.1,13.57,21.6
2018-10-10 23:55:32,-1.0,0.1,14.08,21.45
2018-10-11 00:10:32,-1.0,0.1,14.08,21.17
2018-10-11 00:25:32,-1.0,0.1,13.82,21.03
2018-10-11 00:40:32,-1.0,0.1,13.7,21.12
2018-10-11 00:55:32,-1.0,0.1,13.82,21.22
2018-10-11 01:10:32,-1.0,0.1,13.57,21.12
2018-10-11 01:25:32,-1.0,0.1,13.82,21.07
2018-10-11 01:40:32,-1.0,0.1,13.7,21.12
2018-10-11 01:55:32,-1.0,0.1,13.57,20.88
2018-10-11 02:10:32,-1.0,0.1,13.7,20.35
2018-10-11 02:25:32,-1.0,0.1,13.82,20.79
2018-10-11 02:40:32,-1.0,0.1,13.82,20.64
2018-10-11 02:55:32,-1.0,0.1,13.7,20.93
2018-10-11 03:10:32,-1.0,0.1,13.7,20.93
2018-10-11 03:25:32,-1.0,0.1,13.44,21.17
2018-10-11 03:40:32,-1.0,0.1,13.82,21.36
2018-10-11 03:55:32,-1.0,0.13,13.82,21.55
2018-10-11 04:10:32,-1.0,0.13,13.82,21.31
2018-10-11 04:25:32,-1.0,0.1,13.44,20.35
2018-10-11 04:40:32,-1.0,0.1,13.82,20.16
2018-10-11 04:55:32,-1.0,0.1,14.08,19.57
2018-10-11 05:10:32,-1.0,200.0,13.95,19.23
2018-10-11 05:25:32,-1.0,0.13,13.7,18.88
2018-10-11 05:40:32,-1.0,0.14,13.7,18.78
2018-10-11 05:55:32,-1.0,0.14,13.7,18.29
2018-10-11 06:10:32,-1.0,0.16,13.82,18.03
2018-10-11 06:25:32,-1.0,0.21,13.82,18.08
2018-10-11 06:40:32,-1.0,0.63,13.57,17.83
2018-10-11 06:55:32,-1.0,1.56,13.7,18.39
2018-10-11 07:10:32,-1.0,2.84,13.82,19.67
2018-10-11 07:25:32,-1.0,3.01,13.57,19.13
2018-10-11 07:40:32,-1.0,5.22,13.7,19.57
2018-10-11 07:55:32,-1.0,8.68,13.7,22.02
2018-10-11 08:10:32,-1.0,3.72,13.82,22.54
2018-10-11 08:25:32,-1.0,7.5,13.82,23.97
2018-10-11 08:40:32,-1.0,5.94,13.82,24.43
2018-10-11 08:55:32,-1.0,13.9,13.82,23.0
2018-10-11 09:10:32,-1.0,5.39,14.08,23.37
2018-10-11 09:25:32,-1.0,28.26,13.7,23.93
2018-10-11 09:40:32,-1.0,29.93,14.08,25.61
2018-10-11 09:55:32,-1.0,27.42,13.7,27.18
2018-10-11 10:10:32,-1.0,24.56,14.08,27.67
2018-10-11 10:25:32,-1.0,24.34,13.95,27.49
2018-10-11 10:40:32,-1.0,22.13,13.7,26.46
2018-10-11 10:55:32,-1.0,33.72,13.95,28.11
2018-10-11 11:10:32,-1.0,47.22,14.08,28.64
2018-10-11 11:25:32,-1.0,39.79,13.57,29.88
2018-10-11 11:40:32,-1.0,31.72,14.08,27.4
2018-10-11 11:55:32,-1.0,39.93,13.7,30.54
2018-10-11 12:10:32,-1.0,46.07,13.57,31.16
2018-10-11 12:25:32,-1.0,46.83,13.95,32.0
2018-10-11 12:40:32,-1.0,57.91,13.82,33.51
2018-10-11 12:55:32,-1.0,55.15,13.7,33.07
2018-10-11 13:10:32,-1.0,60.64,13.82,33.07
2018-10-11 13:25:32,-1.0,77.54,13.82,34.54
2018-10-11 13:40:32,-1.0,74.12,13.7,33.07
2018-10-11 13:55:32,-1.0,81.85,14.08,36.0
2018-10-11 14:10:32,-1.0,55.68,13.7,33.42
2018-10-11 14:25:32,-1.0,47.61,13.82,32.76
2018-10-11 14:40:32,-1.0,55.68,13.7,32.27
2018-10-11 14:55:32,-1.0,79.1,13.82,33.02
2018-10-11 15:10:32,-1.0,37.67,14.08,31.69
2018-10-11 15:25:32,-1.0,46.83,13.82,31.47
2018-10-11 15:40:32,-1.0,25.41,14.08,28.95
2018-10-11 15:55:32,-1.0,19.52,14.2,28.51
2018-10-11 16:10:32,-1.0,19.01,13.82,28.29
2018-10-11 16:25:32,-1.0,14.14,13.82,27.04
2018-10-11 16:40:32,-1.0,18.59,14.08,27.58
2018-10-11 16:55:32,-1.0,14.5,13.95,27.36
2018-10-11 17:10:32,-1.0,7.09,13.82,26.28
2018-10-11 17:25:32,-1.0,4.25,13.95,25.2
2018-10-11 17:40:32,-1.0,1.91,14.08,24.66
2018-10-11 17:55:32,-1.0,0.98,13.82,24.25
2018-10-11 18:10:32,-1.0,0.33,13.82,23.74
2018-10-11 18:25:32,-1.0,0.22,14.2,23.6
2018-10-11 18:40:32,-1.0,0.22,13.95,23.37
2018-10-11 18:55:32,-1.0,0.21,13.7,23.24
2018-10-11 19:10:32,-1.0,0.21,13.95,23.05
2018-10-11 19:25:32,-1.0,0.21,14.08,23.14
2018-10-11 19:40:32,-1.0,0.2,13.95,22.82
2018-10-11 19:55:32,-1.0,0.19,14.08,22.02
2018-10-11 20:10:32,-1.0,0.19,13.95,21.93
2018-10-11 20:25:32,-1.0,0.19,14.2,22.35
2018-10-11 20:40:32,-1.0,0.18,14.2,22.07
2018-10-11 20:55:32,-1.0,0.18,13.57,21.69
2018-10-11 21:10:32,-1.0,0.18,13.7,22.44
2018-10-11 21:25:32,-1.0,0.18,13.95,22.02
2018-10-11 21:40:32,-1.0,0.18,13.7,22.44
2018-10-11 21:55:32,-1.0,0.18,13.95,22.58
2018-10-11 22:10:32,-1.0,0.17,13.57,22.49
2018-10-11 22:25:32,-1.0,0.17,13.7,22.26
2018-10-11 22:40:32,-1.0,0.16,13.82,20.88
2018-10-11 22:55:32,-1.0,0.16,13.7,20.21
2018-10-11 23:10:32,-1.0,0.17,14.08,21.5
2018-10-11 23:25:32,-1.0,0.16,14.08,20.55
2018-10-11 23:40:32,-1.0,0.16,14.2,19.72
2018-10-11 23:55:32,-1.0,0.16,13.82,19.23
2018-10-12 00:10:32,-1.0,0.15,13.82,18.98
2018-10-12 00:25:32,-1.0,0.15,13.82,18.64
2018-10-12 00:40:32,-1.0,0.15,13.7,19.13
2018-10-12 00:55:32,-1.0,0.15,13.95,19.08
2018-10-12 01:10:32,-1.0,0.14,13.95,18.88
2018-10-12 01:25:32,-1.0,0.14,13.95,18.29
2018-10-12 01:40:32,-1.0,0.14,14.08,17.73
2018-10-12 01:55:32,-1.0,0.14,13.95,17.88
2018-10-12 02:10:32,-1.0,0.14,13.95,17.83
2018-10-12 02:25:32,-1.0,0.14,13.44,17.98
2018-10-12 02:40:32,-1.0,0.14,14.08,17.43
2018-10-12 02:55:32,-1.0,0.13,14.08,16.91
2018-10-12 03:10:32,-1.0,0.14,13.7,17.32
2018-10-12 03:25:32,-1.0,0.14,13.57,17.43
2018-10-12 03:40:32,-1.0,0.14,14.08,17.78
2018-10-12 03:55:32,-1.0,0.14,14.08,17.93
2018-10-12 04:10:32,-1.0,0.13,14.08,17.43
2018-10-12 04:25:32,-1.0,0.1,14.08,17.17
2018-10-12 04:40:32,-1.0,0.1,13.82,16.86
2018-10-12 04:55:32,-1.0,0.1,13.57,16.81
2018-10-12 05:10:32,-1.0,0.1,14.08,16.97
2018-10-12 05:25:32,-1.0,0.1,13.95,16.76
2018-10-12 05:40:32,-1.0,0.1,13.82,16.71
2018-10-12 05:55:32,-1.0,0.1,14.08,16.5
2018-10-12 06:10:32,-1.0,0.1,13.82,16.19
2018-10-12 06:25:32,-1.0,0.18,13.44,16.34
2018-10-12 06:40:32,-1.0,0.72,13.7,16.76
2018-10-12 06:55:32,-1.0,2.56,14.08,16.4
2018-10-12 07:10:32,-1.0,4.28,13.7,17.27
2018-10-12 07:25:32,-1.0,5.16,14.08,17.73
2018-10-12 07:40:32,-1.0,6.71,13.7,18.24
2018-10-12 07:55:32,-1.0,8.16,13.95,18.83
2018-10-12 08:10:32,-1.0,9.02,13.57,19.53
2018-10-12 08:25:32,-1.0,9.62,13.44,20.3
2018-10-12 08:40:32,-1.0,10.02,13.95,20.98
2018-10-12 08:55:32,-1.0,9.9,13.82,21.6
2018-10-12 09:10:32,-1.0,10.6,13.57,22.54
2018-10-12 09:25:32,-1.0,12.44,13.95,23.51
2018-10-12 09:40:32,-1.0,11.69,13.95,24.06
2018-10-12 09:55:32,-1.0,10.33,13.95,24.11
2018-10-12 10:10:32,-1.0,37.92,13.82,25.97
2018-10-12 10:25:32,-1.0,11.26,13.7,26.01
2018-10-12 10:40:32,-1.0,11.26,13.44,26.28
2018-10-12 10:55:32,-1.0,11.1,13.82,26.78
2018-10-12 11:10:32,-1.0,16.59,13.95,26.64
2018-10-12 11:25:32,-1.0,12.11,13.7,27.09
2018-10-12 11:40:32,-1.0,15.69,13.82,27.36
2018-10-12 11:55:32,-1.0,12.44,13.82,27.58
2018-10-12 12:10:32,-1.0,18.55,13.82,28.46
2018-10-12 12:25:32,-1.0,14.37,13.95,28.95
2018-10-12 12:40:32,-1.0,18.94,14.08,29.0
2018-10-12 12:55:32,-1.0,26.57,13.82,30.76
2018-10-12 13:10:32,-1.0,54.37,13.57,32.4
2018-10-12 13:25:32,-1.0,79.64,13.82,35.45
2018-10-12 13:40:32,-1.0,68.08,13.95,39.36
2018-10-12 13:55:32,-1.0,92.74,13.95,38.84
2018-10-12 14:10:32,-1.0,86.01,13.95,39.17
2018-10-12 14:25:32,-1.0,71.85,13.82,39.65
2018-10-12 14:40:32,-1.0,88.59,13.95,39.94
2018-10-12 14:55:32,-1.0,70.55,14.08,36.59
2018-10-12 15:10:32,-1.0,86.01,13.95,39.41
2018-10-12 15:25:32,-1.0,69.29,13.95,39.41
2018-10-12 15:40:32,-1.0,68.48,13.7,37.8
2018-10-12 15:55:32,-1.0,37.54,14.08,35.09
2018-10-12 16:10:32,-1.0,65.41,14.08,38.27
2018-10-12 16:25:32,-1.0,47.41,13.82,36.78
2018-10-12 16:40:32,-1.0,32.93,13.95,31.87
2018-10-12 16:55:32,-1.0,35.31,13.7,34.1
2018-10-12 17:10:32,-1.0,18.55,14.2,30.63
2018-10-12 17:25:32,-1.0,9.2,14.08,27.98
2018-10-12 17:40:32,-1.0,4.33,14.2,24.57
2018-10-12 17:55:32,-1.0,1.28,13.82,22.77
2018-10-12 18:10:32,-1.0,0.36,14.08,21.26
2018-10-12 18:25:32,-1.0,0.16,13.95,20.3
2018-10-12 18:40:32,-1.0,0.15,14.2,19.96
2018-10-12 18:55:32,-1.0,0.15,13.82,19.77
2018-10-12 19:10:32,-1.0,0.15,13.7,19.62
2018-10-12 19:25:32,-1.0,0.15,13.82,19.62
2018-10-12 19:40:32,-1.0,0.15,14.08,19.53
2018-10-12 19:55:32,-1.0,0.14,14.08,19.38
2018-10-12 20:10:32,-1.0,0.14,13.82,19.28
2018-10-12 20:25:32,-1.0,0.14,13.7,19.03
2018-10-12 20:40:32,-1.0,0.14,13.82,18.83
2018-10-12 20:55:32,-1.0,0.14,13.95,18.69
2018-10-12 21:10:32,-1.0,0.13,14.08,18.54
2018-10-12 21:25:32,-1.0,0.13,14.2,18.64
2018-10-12 21:40:32,-1.0,0.1,14.2,18.34
2018-10-12 21:55:32,-1.0,0.1,13.95,18.34
2018-10-12 22:10:32,-1.0,0.1,13.7,18.24
2018-10-12 22:25:32,-1.0,0.1,14.08,17.78
2018-10-12 22:40:32,-1.0,0.1,13.95,17.93
2018-10-12 22:55:32,-1.0,0.1,14.2,18.03
2018-10-12 23:10:32,-1.0,0.1,13.95,17.98
2018-10-12 23:25:32,-1.0,0.1,14.08,17.88
2018-10-12 23:40:32,-1.0,0.1,13.82,17.73
2018-10-12 23:55:32,-1.0,0.1,13.57,17.73
2018-10-13 00:10:32,-1.0,0.1,13.95,17.73
2018-10-13 00:25:32,-1.0,0.1,13.7,17.58
2018-10-13 00:40:32,-1.0,0.1,13.95,17.58
2018-10-13 00:55:32,-1.0,0.1,13.95,17.32
2018-10-13 01:10:32,-1.0,0.1,13.95,17.12
2018-10-13 01:25:32,-1.0,0.1,13.95,16.97
2018-10-13 01:40:32,-1.0,0.1,13.82,16.71
2018-10-13 01:55:32,-1.0,0.1,13.82,16.81
2018-10-13 02:10:32,-1.0,0.1,14.08,16.86
2018-10-13 02:25:32,-1.0,0.1,13.95,16.81
2018-10-13 02:40:32,-1.0,0.1,14.08,16.71
2018-10-13 02:55:32,-1.0,0.1,13.82,16.5
2018-10-13 03:10:32,-1.0,0.1,13.95,16.55
2018-10-13 03:25:32,-1.0,0.1,14.08,16.55
2018-10-13 03:40:32,-1.0,0.1,13.82,16.5
2018-10-13 03:55:32,-1.0,0.1,13.82,16.81
2018-10-13 04:10:32,-1.0,0.1,13.95,17.07
2018-10-13 04:25:32,-1.0,0.1,13.82,16.97
2018-10-13 04:40:32,-1.0,0.1,13.82,17.12
2018-10-13 04:55:32,-1.0,0.1,13.95,16.91
2018-10-13 05:10:32,-1.0,0.1,13.44,17.12
2018-10-13 05:25:32,-1.0,0.1,13.82,17.07
2018-10-13 05:40:32,-1.0,0.1,13.7,16.91
2018-10-13 05:55:32,-1.0,0.1,13.82,16.97
2018-10-13 06:10:32,-1.0,0.1,14.08,16.97
2018-10-13 06:25:32,-1.0,0.1,13.57,17.12
2018-10-13 06:40:32,-1.0,0.63,13.82,17.12
2018-10-13 06:55:32,-1.0,1.9,14.08,17.43
2018-10-13 07:10:32,-1.0,3.39,13.95,17.98
2018-10-13 07:25:32,-1.0,5.2,14.08,18.49
2018-10-13 07:40:32,-1.0,5.92,13.95,19.23
2018-10-13 07:55:32,-1.0,6.73,13.82,19.77
2018-10-13 08:10:32,-1.0,7.56,13.44,20.5
2018-10-13 08:25:32,-1.0,17.01,13.82,22.72
2018-10-13 08:40:32,-1.0,19.21,13.95,24.02
2018-10-13 08:55:32,-1.0,15.97,13.82,24.52
2018-10-13 09:10:32,-1.0,17.39,13.95,26.73
2018-10-13 09:25:32,-1.0,12.18,13.82,26.19
2018-10-13 09:40:32,-1.0,12.5,13.82,25.92
2018-10-13 09:55:32,-1.0,18.49,13.7,26.55
2018-10-13 10:10:32,-1.0,29.3,13.95,27.18
2018-10-13 10:25:32,-1.0,21.44,13.95,29.08
2018-10-13 10:40:32,-1.0,34.44,13.7,30.76
2018-10-13 10:55:32,-1.0,27.9,13.82,30.89
2018-10-13 11:10:32,-1.0,37.67,13.95,30.41
2018-10-13 11:25:32,-1.0,23.26,13.82,30.72
2018-10-13 11:40:32,-1.0,39.51,13.95,31.91
2018-10-13 11:55:32,-1.0,33.32,13.95,31.25
2018-10-13 12:10:32,-1.0,41.69,13.95,32.84
2018-10-13 12:25:32,-1.0,35.76,14.2,31.78
2018-10-13 12:40:32,-1.0,33.42,13.82,32.18
2018-10-13 12:55:32,-1.0,38.57,13.82,32.71
2018-10-13 13:10:32,-1.0,32.64,14.08,34.14
2018-10-13 13:25:32,-1.0,49.04,14.2,32.98
2018-10-13 13:40:32,-1.0,36.33,13.82,35.91
2018-10-13 13:55:32,-1.0,65.05,14.08,35.13
2018-10-13 14:10:32,-1.0,69.29,13.7,38.98
2018-10-13 14:25:32,-1.0,32.55,13.95,36.78
